Workbook

Sheet Water Holding Capacity
A1: Container | B1: Empty Mass | C1: Measured Soil (g) | D1: Measured Sand (g) | E1: Treatment | F1: Total Soil+Sand (g) | G1: Wet Mass (g) | H1: Oven Dry Mass (g) | I1: Expected Total Mass (g) | J1: Measured Total Mass (g) | K1: H2O Holding Capacity (mL/g dry soil)
A2: 46 | B2: 11.96 | C2: 0.999 | D2: 4 | E2: TILL | F2: =SUM(C2:D2) -> 4.999 | G2: 18.701 | H2: 16.868 | I2: =SUM(F2,B2) -> 16.959 | J2: 16.949 | K2: =((G2-H2)/F2)-0.082 -> 0.28467333
A3: 69 | B3: 12.143 | C3: 0.985 | D3: 4 | E3: TILL | F3: =SUM(C3:D3) -> 4.985 | G3: 18.826 | H3: 17.031 | I3: =SUM(F3,B3) -> 17.128 | J3: 17.11 | K3: =((G3-H3)/F3)-0.082 -> 0.27808024
A4: 78 | B4: 12.21 | C4: 1.015 | D4: 4.001 | E4: TILL | F4: =SUM(C4:D4) -> 5.016 | G4: 18.889 | H4: 17.12 | I4: =SUM(F4,B4) -> 17.226 | J4: 17.202 | K4: =((G4-H4)/F4)-0.082 -> 0.27067145
A5: 83 | B5: 12.16 | C5: 2.005 | D5: 4.001 | E5: NO TILL | F5: =SUM(C5:D5) -> 6.006 | G5: 19.163 | H5: 17.063 | I5: =SUM(F5,B5) -> 18.166 | J5: 17.15 | K5: =((G5-H5)/F5)-0.082 -> 0.26765035
A6: 99 | B6: 12.164 | C6: 0.999 | D6: 4 | E6: NO TILL | F6: =SUM(C6:D6) -> 4.999 | G6: 19.077 | H6: 17.073 | I6: =SUM(F6,B6) -> 17.163 | J6: 17.161 | K6: =((G6-H6)/F6)-0.082 -> 0.31888018
A7: 190 | B7: 12.24 | C7: 0.999 | D7: 4.001 | E7: NO TILL | F7: =SUM(C7:D7) -> 5 | G7: 19.454 | H7: 17.149 | I7: =SUM(F7,B7) -> 17.24 | J7: 17.24 | K7: =((G7-H7)/F7)-0.082 -> 0.379
A8: 202 | B8: 12.244 | C8: 1.002 | D8: 4 | E8: NTC | F8: =SUM(C8:D8) -> 5.002 | G8: 19.279 | H8: 17.143 | I8: =SUM(F8,B8) -> 17.246 | J8: 17.245 | K8: =((G8-H8)/F8)-0.082 -> 0.34502919
A9: 102 | B9: 12.168 | C9: 1.002 | D9: 4.002 | E9: NTC | F9: =SUM(C9:D9) -> 5.004 | G9: 19.169 | H9: 17.068 | I9: =SUM(F9,B9) -> 17.172 | J9: 17.171 | K9: =((G9-H9)/F9)-0.082 -> 0.33786411
A10: 143 | B10: 12.195 | C10: 1.001 | D10: 4.001 | E10: NTC | F10: =SUM(C10:D10) -> 5.002 | G10: 19.228 | H10: 17.094 | I10: =SUM(F10,B10) -> 17.197 | J10: 17.195 | K10: =((G10-H10)/F10)-0.082 -> 0.34462935
A13: 86 | B13: 12.114
A14: 174 | B14: 12.146
A15: 87 | B15: 12.129
E18: TREATMENT | F18: H2O HOLDING CAPACITY (mL/ g dry soil+sand)
E19: TILL | F19: =AVERAGE(K2:K4) -> 0.27780834
E20: NO TILL | F20: =AVERAGE(K5:K7) -> 0.32184351
E21: NTC | F21: =AVERAGE(K8:K10) -> 0.34250755

Sheet Template
B1: 区・条件 | C1: STD ppm | F1: year | G1: month | H1: day | I1: hh | J1: mm | K1: ss | L1: sample number | M1: CO2rt | N1: CO2hi | O1: CO2area | P1: 右は計算領域 | Q1: CO2(ppm)初期標準 | R1: ドリフト時計算 | S1: 絶対時間（ｈ） | T1: ドリフトstd factor | U1: CO2(ppm)
C2: CO2 0.9047% | D2: sample前 | F2: 2013 | G2: 7 | S2: =H2*24+I2+J2/60+K2/3600 -> 0
B3: CO２ | C3: CO2 0.9047% | D3: sample前 | F3: 2013 | G3: 7 | S3: =H3*24+I3+J3/60+K3/3600 -> 0
B4: 9047 | C4: CO2 0.9047% | D4: sample前 | F4: 2013 | G4: 7 | S4: =H4*24+I4+J4/60+K4/3600 -> 0
C5: CO2 0.9047% | D5: sample前 | F5: 2013 | G5: 7
C7: CO2 0.9047% | D7: sample後 | F7: 2013 | G7: 7 | S7: =H7*24+I7+J7/60+K7/3600 -> 0
C8: CO2 0.9047% | D8: sample後 | F8: 2013 | G8: 7 | S8: =H8*24+I8+J8/60+K8/3600 -> 0
C9: CO2 0.9047% | D9: sample後 | F9: 2013 | G9: 7 | S9: =H9*24+I9+J9/60+K9/3600 -> 0
C10: CO2 0.9047% | D10: sample後 | F10: 2013 | G10: 7
B14: 標準パラメータ | Q14: factor
C15: CO2濃度 | D15: CO2 | F15: 9047 | G15: ppm | H15: 前 | M15: =AVERAGE(M2:M6) -> #DIV/0! | N15: =AVERAGE(N2:N6) -> #DIV/0! | O15: =AVERAGE(O2:O6) -> #DIV/0! | Q15: =F15/O15 -> #DIV/0! | S15: =AVERAGE(S2:S6) -> 0
H16: 後 | M16: =AVERAGE(M7:M11) -> #DIV/0! | N16: =AVERAGE(N7:N11) -> #DIV/0! | O16: =AVERAGE(O7:O11) -> #DIV/0! | Q16: =F15/O16 -> #DIV/0! | S16: =AVERAGE(S7:S11) -> 0
Q18: 初期std利用 | U18: ドリフト補正有
B19: 15 deg | C19: 1 | F19: 2013 | G19: 7 | Q19: =O19*$Q$15 -> #DIV/0! | S19: =H19*24+I19+J19/60+K19/3600 -> 0 | T19: =Q15+(Q16-Q15)*(S19-S15)/(S16-S15) -> #DIV/0! | U19: =O19*T19 -> #DIV/0!
C20: 2 | F20: 2013 | G20: 7 | Q20: =O20*$Q$15 -> #DIV/0! | S20: =H20*24+I20+J20/60+K20/3600 -> 0 | T20: =Q15+(Q16-Q15)*(S20-S15)/(S16-S15) -> #DIV/0! | U20: =O20*T20 -> #DIV/0!
C21: 3 | F21: 2013 | G21: 7 | Q21: =O21*$Q$15 -> #DIV/0! | S21: =H21*24+I21+J21/60+K21/3600 -> 0 | T21: =Q15+(Q16-Q15)*(S21-S15)/(S16-S15) -> #DIV/0! | U21: =O21*T21 -> #DIV/0!
C22: 4 | F22: 2013 | G22: 7 | Q22: =O22*$Q$15 -> #DIV/0! | S22: =H22*24+I22+J22/60+K22/3600 -> 0 | T22: =Q15+(Q16-Q15)*(S22-S15)/(S16-S15) -> #DIV/0! | U22: =O22*T22 -> #DIV/0!
C23: 5 | F23: 2013 | G23: 7 | Q23: =O23*$Q$15 -> #DIV/0! | S23: =H23*24+I23+J23/60+K23/3600 -> 0 | T23: =Q15+(Q16-Q15)*(S23-S15)/(S16-S15) -> #DIV/0! | U23: =O23*T23 -> #DIV/0!
C24: 6 | F24: 2013 | G24: 7 | Q24: =O24*$Q$15 -> #DIV/0! | S24: =H24*24+I24+J24/60+K24/3600 -> 0 | T24: =Q15+(Q16-Q15)*(S24-S15)/(S16-S15) -> #DIV/0! | U24: =O24*T24 -> #DIV/0!
C25: 7 | F25: 2013 | G25: 7 | Q25: =O25*$Q$15 -> #DIV/0! | S25: =H25*24+I25+J25/60+K25/3600 -> 0 | T25: =Q15+(Q16-Q15)*(S25-S15)/(S16-S15) -> #DIV/0! | U25: =O25*T25 -> #DIV/0!
C26: 8 | F26: 2013 | G26: 7 | Q26: =O26*$Q$15 -> #DIV/0! | S26: =H26*24+I26+J26/60+K26/3600 -> 0 | T26: =Q15+(Q16-Q15)*(S26-S15)/(S16-S15) -> #DIV/0! | U26: =O26*T26 -> #DIV/0!
C27: 9 | F27: 2013 | G27: 7 | Q27: =O27*$Q$15 -> #DIV/0! | S27: =H27*24+I27+J27/60+K27/3600 -> 0 | T27: =Q15+(Q16-Q15)*(S27-S15)/(S16-S15) -> #DIV/0! | U27: =O27*T27 -> #DIV/0!
C28: 10 | F28: 2013 | G28: 7 | Q28: =O28*$Q$15 -> #DIV/0! | S28: =H28*24+I28+J28/60+K28/3600 -> 0 | T28: =Q15+(Q16-Q15)*(S28-S15)/(S16-S15) -> #DIV/0! | U28: =O28*T28 -> #DIV/0!
C29: 12 | F29: 2013 | G29: 7 | Q29: =O29*$Q$15 -> #DIV/0! | S29: =H29*24+I29+J29/60+K29/3600 -> 0 | T29: =Q15+(Q16-Q15)*(S29-S15)/(S16-S15) -> #DIV/0! | U29: =O29*T29 -> #DIV/0!
C30: 13 | F30: 2013 | G30: 7 | Q30: =O30*$Q$15 -> #DIV/0! | S30: =H30*24+I30+J30/60+K30/3600 -> 0 | T30: =Q15+(Q16-Q15)*(S30-S15)/(S16-S15) -> #DIV/0! | U30: =O30*T30 -> #DIV/0!
C31: 14 | F31: 2013 | G31: 7 | Q31: =O31*$Q$15 -> #DIV/0! | S31: =H31*24+I31+J31/60+K31/3600 -> 0 | T31: =Q15+(Q16-Q15)*(S31-S15)/(S16-S15) -> #DIV/0! | U31: =O31*T31 -> #DIV/0!
C32: 85 | F32: 2013 | G32: 7 | Q32: =O32*$Q$15 -> #DIV/0! | S32: =H32*24+I32+J32/60+K32/3600 -> 0 | T32: =Q15+(Q16-Q15)*(S32-S15)/(S16-S15) -> #DIV/0! | U32: =O32*T32 -> #DIV/0!
C33: 15 | F33: 2013 | G33: 7 | Q33: =O33*$Q$15 -> #DIV/0! | S33: =H33*24+I33+J33/60+K33/3600 -> 0 | T33: =Q15+(Q16-Q15)*(S33-S15)/(S16-S15) -> #DIV/0! | U33: =O33*T33 -> #DIV/0!
C34: 16 | F34: 2013 | G34: 7 | Q34: =O34*$Q$15 -> #DIV/0! | S34: =H34*24+I34+J34/60+K34/3600 -> 0 | T34: =Q15+(Q16-Q15)*(S34-S15)/(S16-S15) -> #DIV/0! | U34: =O34*T34 -> #DIV/0!
C35: 17 | F35: 2013 | G35: 7 | Q35: =O35*$Q$15 -> #DIV/0! | S35: =H35*24+I35+J35/60+K35/3600 -> 0 | T35: =Q15+(Q16-Q15)*(S35-S15)/(S16-S15) -> #DIV/0! | U35: =O35*T35 -> #DIV/0!
C36: 18 | F36: 2013 | G36: 7 | Q36: =O36*$Q$15 -> #DIV/0! | S36: =H36*24+I36+J36/60+K36/3600 -> 0 | T36: =Q15+(Q16-Q15)*(S36-S15)/(S16-S15) -> #DIV/0! | U36: =O36*T36 -> #DIV/0!
C37: 19 | F37: 2013 | G37: 7 | Q37: =O37*$Q$15 -> #DIV/0! | S37: =H37*24+I37+J37/60+K37/3600 -> 0 | T37: =Q15+(Q16-Q15)*(S37-S15)/(S16-S15) -> #DIV/0! | U37: =O37*T37 -> #DIV/0!
C38: 20 | F38: 2013 | G38: 7 | Q38: =O38*$Q$15 -> #DIV/0! | S38: =H38*24+I38+J38/60+K38/3600 -> 0 | T38: =Q15+(Q16-Q15)*(S38-S15)/(S16-S15) -> #DIV/0! | U38: =O38*T38 -> #DIV/0!
C39: 21 | F39: 2013 | G39: 7 | Q39: =O39*$Q$15 -> #DIV/0! | S39: =H39*24+I39+J39/60+K39/3600 -> 0 | T39: =Q15+(Q16-Q15)*(S39-S15)/(S16-S15) -> #DIV/0! | U39: =O39*T39 -> #DIV/0!
C40: 22 | F40: 2013 | G40: 7 | Q40: =O40*$Q$15 -> #DIV/0! | S40: =H40*24+I40+J40/60+K40/3600 -> 0 | T40: =Q15+(Q16-Q15)*(S40-S15)/(S16-S15) -> #DIV/0! | U40: =O40*T40 -> #DIV/0!
C41: 23 | F41: 2013 | G41: 7 | Q41: =O41*$Q$15 -> #DIV/0! | S41: =H41*24+I41+J41/60+K41/3600 -> 0 | T41: =Q15+(Q16-Q15)*(S41-S15)/(S16-S15) -> #DIV/0! | U41: =O41*T41 -> #DIV/0!
C42: 24 | F42: 2013 | G42: 7 | Q42: =O42*$Q$15 -> #DIV/0! | S42: =H42*24+I42+J42/60+K42/3600 -> 0 | T42: =Q15+(Q16-Q15)*(S42-S15)/(S16-S15) -> #DIV/0! | U42: =O42*T42 -> #DIV/0!
C43: 25 | F43: 2013 | G43: 7 | Q43: =O43*$Q$15 -> #DIV/0! | S43: =H43*24+I43+J43/60+K43/3600 -> 0 | T43: =Q15+(Q16-Q15)*(S43-S15)/(S16-S15) -> #DIV/0! | U43: =O43*T43 -> #DIV/0!
C44: 26 | F44: 2013 | G44: 7 | Q44: =O44*$Q$15 -> #DIV/0! | S44: =H44*24+I44+J44/60+K44/3600 -> 0 | T44: =Q15+(Q16-Q15)*(S44-S15)/(S16-S15) -> #DIV/0! | U44: =O44*T44 -> #DIV/0!
C45: 27 | F45: 2013 | G45: 7 | Q45: =O45*$Q$15 -> #DIV/0! | S45: =H45*24+I45+J45/60+K45/3600 -> 0 | T45: =Q15+(Q16-Q15)*(S45-S15)/(S16-S15) -> #DIV/0! | U45: =O45*T45 -> #DIV/0!
C46: 28 | F46: 2013 | G46: 7 | Q46: =O46*$Q$15 -> #DIV/0! | S46: =H46*24+I46+J46/60+K46/3600 -> 0 | T46: =Q15+(Q16-Q15)*(S46-S15)/(S16-S15) -> #DIV/0! | U46: =O46*T46 -> #DIV/0!
C47: 29 | F47: 2013 | G47: 7 | Q47: =O47*$Q$15 -> #DIV/0! | S47: =H47*24+I47+J47/60+K47/3600 -> 0 | T47: =Q15+(Q16-Q15)*(S47-S15)/(S16-S15) -> #DIV/0! | U47: =O47*T47 -> #DIV/0!
C48: 30 | F48: 2013 | G48: 7 | Q48: =O48*$Q$15 -> #DIV/0! | S48: =H48*24+I48+J48/60+K48/3600 -> 0 | T48: =Q15+(Q16-Q15)*(S48-S15)/(S16-S15) -> #DIV/0! | U48: =O48*T48 -> #DIV/0!
C49: 31 | F49: 2013 | G49: 7 | Q49: =O49*$Q$15 -> #DIV/0! | S49: =H49*24+I49+J49/60+K49/3600 -> 0 | T49: =Q15+(Q16-Q15)*(S49-S15)/(S16-S15) -> #DIV/0! | U49: =O49*T49 -> #DIV/0!
C50: 32 | F50: 2013 | G50: 7 | Q50: =O50*$Q$15 -> #DIV/0! | S50: =H50*24+I50+J50/60+K50/3600 -> 0 | T50: =Q15+(Q16-Q15)*(S50-S15)/(S16-S15) -> #DIV/0! | U50: =O50*T50 -> #DIV/0!
C51: 33 | F51: 2013 | G51: 7 | Q51: =O51*$Q$15 -> #DIV/0! | S51: =H51*24+I51+J51/60+K51/3600 -> 0 | T51: =Q15+(Q16-Q15)*(S51-S15)/(S16-S15) -> #DIV/0! | U51: =O51*T51 -> #DIV/0!
C52: 34 | F52: 2013 | G52: 7 | Q52: =O52*$Q$15 -> #DIV/0! | S52: =H52*24+I52+J52/60+K52/3600 -> 0 | T52: =Q15+(Q16-Q15)*(S52-S15)/(S16-S15) -> #DIV/0! | U52: =O52*T52 -> #DIV/0!
C53: 35 | F53: 2013 | G53: 7 | Q53: =O53*$Q$15 -> #DIV/0! | S53: =H53*24+I53+J53/60+K53/3600 -> 0 | T53: =Q15+(Q16-Q15)*(S53-S15)/(S16-S15) -> #DIV/0! | U53: =O53*T53 -> #DIV/0!
C54: 36 | F54: 2013 | G54: 7 | Q54: =O54*$Q$15 -> #DIV/0! | S54: =H54*24+I54+J54/60+K54/3600 -> 0 | T54: =Q15+(Q16-Q15)*(S54-S15)/(S16-S15) -> #DIV/0! | U54: =O54*T54 -> #DIV/0!
C55: 37 | F55: 2013 | G55: 7 | Q55: =O55*$Q$15 -> #DIV/0! | S55: =H55*24+I55+J55/60+K55/3600 -> 0 | T55: =Q15+(Q16-Q15)*(S55-S15)/(S16-S15) -> #DIV/0! | U55: =O55*T55 -> #DIV/0!
C56: 38 | F56: 2013 | G56: 7 | Q56: =O56*$Q$15 -> #DIV/0! | S56: =H56*24+I56+J56/60+K56/3600 -> 0 | T56: =Q15+(Q16-Q15)*(S56-S15)/(S16-S15) -> #DIV/0! | U56: =O56*T56 -> #DIV/0!
C57: 39 | F57: 2013 | G57: 7 | Q57: =O57*$Q$15 -> #DIV/0! | S57: =H57*24+I57+J57/60+K57/3600 -> 0 | T57: =Q15+(Q16-Q15)*(S57-S15)/(S16-S15) -> #DIV/0! | U57: =O57*T57 -> #DIV/0!
C58: 40 | F58: 2013 | G58: 7 | Q58: =O58*$Q$15 -> #DIV/0! | S58: =H58*24+I58+J58/60+K58/3600 -> 0 | T58: =Q15+(Q16-Q15)*(S58-S15)/(S16-S15) -> #DIV/0! | U58: =O58*T58 -> #DIV/0!
C59: 41 | F59: 2013 | G59: 7 | Q59: =O59*$Q$15 -> #DIV/0! | S59: =H59*24+I59+J59/60+K59/3600 -> 0 | T59: =Q15+(Q16-Q15)*(S59-S15)/(S16-S15) -> #DIV/0! | U59: =O59*T59 -> #DIV/0!
B60: 25 deg | C60: 42 | F60: 2013 | G60: 7 | Q60: =O60*$Q$15 -> #DIV/0! | S60: =H60*24+I60+J60/60+K60/3600 -> 0 | T60: =Q15+(Q16-Q15)*(S60-S15)/(S16-S15) -> #DIV/0! | U60: =O60*T60 -> #DIV/0!
C61: 43 | F61: 2013 | G61: 7 | Q61: =O61*$Q$15 -> #DIV/0! | S61: =H61*24+I61+J61/60+K61/3600 -> 0 | T61: =Q15+(Q16-Q15)*(S61-S15)/(S16-S15) -> #DIV/0! | U61: =O61*T61 -> #DIV/0!
C62: 44 | F62: 2013 | G62: 7 | Q62: =O62*$Q$15 -> #DIV/0! | S62: =H62*24+I62+J62/60+K62/3600 -> 0 | T62: =Q15+(Q16-Q15)*(S62-S15)/(S16-S15) -> #DIV/0! | U62: =O62*T62 -> #DIV/0!
C63: 45 | F63: 2013 | G63: 7 | Q63: =O63*$Q$15 -> #DIV/0! | S63: =H63*24+I63+J63/60+K63/3600 -> 0 | T63: =Q15+(Q16-Q15)*(S63-S15)/(S16-S15) -> #DIV/0! | U63: =O63*T63 -> #DIV/0!
C64: 46 | F64: 2013 | G64: 7 | Q64: =O64*$Q$15 -> #DIV/0! | S64: =H64*24+I64+J64/60+K64/3600 -> 0 | T64: =Q15+(Q16-Q15)*(S64-S15)/(S16-S15) -> #DIV/0! | U64: =O64*T64 -> #DIV/0!
C65: 47 | F65: 2013 | G65: 7 | Q65: =O65*$Q$15 -> #DIV/0! | S65: =H65*24+I65+J65/60+K65/3600 -> 0 | T65: =Q15+(Q16-Q15)*(S65-S15)/(S16-S15) -> #DIV/0! | U65: =O65*T65 -> #DIV/0!
C66: 48 | F66: 2013 | G66: 7 | Q66: =O66*$Q$15 -> #DIV/0! | S66: =H66*24+I66+J66/60+K66/3600 -> 0 | T66: =Q15+(Q16-Q15)*(S66-S15)/(S16-S15) -> #DIV/0! | U66: =O66*T66 -> #DIV/0!
C67: 49 | F67: 2013 | G67: 7 | Q67: =O67*$Q$15 -> #DIV/0! | S67: =H67*24+I67+J67/60+K67/3600 -> 0 | T67: =Q15+(Q16-Q15)*(S67-S15)/(S16-S15) -> #DIV/0! | U67: =O67*T67 -> #DIV/0!
C68: 50 | F68: 2013 | G68: 7 | Q68: =O68*$Q$15 -> #DIV/0! | S68: =H68*24+I68+J68/60+K68/3600 -> 0 | T68: =Q15+(Q16-Q15)*(S68-S15)/(S16-S15) -> #DIV/0! | U68: =O68*T68 -> #DIV/0!
C69: 51 | F69: 2013 | G69: 7 | Q69: =O69*$Q$15 -> #DIV/0! | S69: =H69*24+I69+J69/60+K69/3600 -> 0 | T69: =Q15+(Q16-Q15)*(S69-S15)/(S16-S15) -> #DIV/0! | U69: =O69*T69 -> #DIV/0!
C70: 52 | F70: 2013 | G70: 7 | Q70: =O70*$Q$15 -> #DIV/0! | S70: =H70*24+I70+J70/60+K70/3600 -> 0 | T70: =Q15+(Q16-Q15)*(S70-S15)/(S16-S15) -> #DIV/0! | U70: =O70*T70 -> #DIV/0!
C71: 53 | F71: 2013 | G71: 7 | Q71: =O71*$Q$15 -> #DIV/0! | S71: =H71*24+I71+J71/60+K71/3600 -> 0 | T71: =Q15+(Q16-Q15)*(S71-S15)/(S16-S15) -> #DIV/0! | U71: =O71*T71 -> #DIV/0!
C72: 54 | F72: 2013 | G72: 7 | Q72: =O72*$Q$15 -> #DIV/0! | S72: =H72*24+I72+J72/60+K72/3600 -> 0 | T72: =Q15+(Q16-Q15)*(S72-S15)/(S16-S15) -> #DIV/0! | U72: =O72*T72 -> #DIV/0!
C73: 55 | F73: 2013 | G73: 7 | Q73: =O73*$Q$15 -> #DIV/0! | S73: =H73*24+I73+J73/60+K73/3600 -> 0 | T73: =Q15+(Q16-Q15)*(S73-S15)/(S16-S15) -> #DIV/0! | U73: =O73*T73 -> #DIV/0!
C74: 56 | F74: 2013 | G74: 7 | Q74: =O74*$Q$15 -> #DIV/0! | S74: =H74*24+I74+J74/60+K74/3600 -> 0 | T74: =Q15+(Q16-Q15)*(S74-S15)/(S16-S15) -> #DIV/0! | U74: =O74*T74 -> #DIV/0!
C75: 57 | F75: 2013 | G75: 7 | Q75: =O75*$Q$15 -> #DIV/0! | S75: =H75*24+I75+J75/60+K75/3600 -> 0 | T75: =Q15+(Q16-Q15)*(S75-S15)/(S16-S15) -> #DIV/0! | U75: =O75*T75 -> #DIV/0!
C76: 58 | F76: 2013 | G76: 7 | Q76: =O76*$Q$15 -> #DIV/0! | S76: =H76*24+I76+J76/60+K76/3600 -> 0 | T76: =Q15+(Q16-Q15)*(S76-S15)/(S16-S15) -> #DIV/0! | U76: =O76*T76 -> #DIV/0!
C77: 59 | F77: 2013 | G77: 7 | Q77: =O77*$Q$15 -> #DIV/0! | S77: =H77*24+I77+J77/60+K77/3600 -> 0 | T77: =Q15+(Q16-Q15)*(S77-S15)/(S16-S15) -> #DIV/0! | U77: =O77*T77 -> #DIV/0!
C78: 60 | F78: 2013 | G78: 7 | Q78: =O78*$Q$15 -> #DIV/0! | S78: =H78*24+I78+J78/60+K78/3600 -> 0 | T78: =Q15+(Q16-Q15)*(S78-S15)/(S16-S15) -> #DIV/0! | U78: =O78*T78 -> #DIV/0!
C79: 61 | F79: 2013 | G79: 7 | Q79: =O79*$Q$15 -> #DIV/0! | S79: =H79*24+I79+J79/60+K79/3600 -> 0 | T79: =Q15+(Q16-Q15)*(S79-S15)/(S16-S15) -> #DIV/0! | U79: =O79*T79 -> #DIV/0!
C80: 62 | F80: 2013 | G80: 7 | Q80: =O80*$Q$15 -> #DIV/0! | S80: =H80*24+I80+J80/60+K80/3600 -> 0 | T80: =Q15+(Q16-Q15)*(S80-S15)/(S16-S15) -> #DIV/0! | U80: =O80*T80 -> #DIV/0!
C81: 63 | F81: 2013 | G81: 7 | Q81: =O81*$Q$15 -> #DIV/0! | S81: =H81*24+I81+J81/60+K81/3600 -> 0 | T81: =Q15+(Q16-Q15)*(S81-S15)/(S16-S15) -> #DIV/0! | U81: =O81*T81 -> #DIV/0!
C82: 64 | F82: 2013 | G82: 7 | Q82: =O82*$Q$15 -> #DIV/0! | S82: =H82*24+I82+J82/60+K82/3600 -> 0 | T82: =Q15+(Q16-Q15)*(S82-S15)/(S16-S15) -> #DIV/0! | U82: =O82*T82 -> #DIV/0!
C83: 65 | F83: 2013 | G83: 7 | Q83: =O83*$Q$15 -> #DIV/0! | S83: =H83*24+I83+J83/60+K83/3600 -> 0 | T83: =Q15+(Q16-Q15)*(S83-S15)/(S16-S15) -> #DIV/0! | U83: =O83*T83 -> #DIV/0!
C84: 66 | F84: 2013 | G84: 7 | Q84: =O84*$Q$15 -> #DIV/0! | S84: =H84*24+I84+J84/60+K84/3600 -> 0 | T84: =Q15+(Q16-Q15)*(S84-S15)/(S16-S15) -> #DIV/0! | U84: =O84*T84 -> #DIV/0!
C85: 67 | F85: 2013 | G85: 7 | Q85: =O85*$Q$15 -> #DIV/0! | S85: =H85*24+I85+J85/60+K85/3600 -> 0 | T85: =Q$15+(Q$16-Q$15)*(S85-S$15)/(S$16-S$15) -> #DIV/0! | U85: =O85*T85 -> #DIV/0!
C86: 68 | F86: 2013 | G86: 7 | Q86: =O86*$Q$15 -> #DIV/0! | S86: =H86*24+I86+J86/60+K86/3600 -> 0 | T86: =Q$15+(Q$16-Q$15)*(S86-S$15)/(S$16-S$15) -> #DIV/0! | U86: =O86*T86 -> #DIV/0!
C87: 69 | F87: 2013 | G87: 7 | Q87: =O87*$Q$15 -> #DIV/0! | S87: =H87*24+I87+J87/60+K87/3600 -> 0 | T87: =Q$15+(Q$16-Q$15)*(S87-S$15)/(S$16-S$15) -> #DIV/0! | U87: =O87*T87 -> #DIV/0!
C88: 70 | F88: 2013 | G88: 7 | Q88: =O88*$Q$15 -> #DIV/0! | S88: =H88*24+I88+J88/60+K88/3600 -> 0 | T88: =Q$15+(Q$16-Q$15)*(S88-S$15)/(S$16-S$15) -> #DIV/0! | U88: =O88*T88 -> #DIV/0!
C89: 71 | F89: 2013 | G89: 7 | Q89: =O89*$Q$15 -> #DIV/0! | S89: =H89*24+I89+J89/60+K89/3600 -> 0 | T89: =Q$15+(Q$16-Q$15)*(S89-S$15)/(S$16-S$15) -> #DIV/0! | U89: =O89*T89 -> #DIV/0!
C90: 72 | F90: 2013 | G90: 7 | Q90: =O90*$Q$15 -> #DIV/0! | S90: =H90*24+I90+J90/60+K90/3600 -> 0 | T90: =Q$15+(Q$16-Q$15)*(S90-S$15)/(S$16-S$15) -> #DIV/0! | U90: =O90*T90 -> #DIV/0!
C91: 73 | F91: 2013 | G91: 7 | Q91: =O91*$Q$15 -> #DIV/0! | S91: =H91*24+I91+J91/60+K91/3600 -> 0 | T91: =Q$15+(Q$16-Q$15)*(S91-S$15)/(S$16-S$15) -> #DIV/0! | U91: =O91*T91 -> #DIV/0!
C92: 74 | F92: 2013 | G92: 7 | Q92: =O92*$Q$15 -> #DIV/0! | S92: =H92*24+I92+J92/60+K92/3600 -> 0 | T92: =Q$15+(Q$16-Q$15)*(S92-S$15)/(S$16-S$15) -> #DIV/0! | U92: =O92*T92 -> #DIV/0!
C93: 75 | F93: 2013 | G93: 7 | Q93: =O93*$Q$15 -> #DIV/0! | S93: =H93*24+I93+J93/60+K93/3600 -> 0 | T93: =Q$15+(Q$16-Q$15)*(S93-S$15)/(S$16-S$15) -> #DIV/0! | U93: =O93*T93 -> #DIV/0!
C94: 76 | F94: 2013 | G94: 7 | Q94: =O94*$Q$15 -> #DIV/0! | S94: =H94*24+I94+J94/60+K94/3600 -> 0 | T94: =Q$15+(Q$16-Q$15)*(S94-S$15)/(S$16-S$15) -> #DIV/0! | U94: =O94*T94 -> #DIV/0!
C95: 77 | F95: 2013 | G95: 7 | Q95: =O95*$Q$15 -> #DIV/0! | S95: =H95*24+I95+J95/60+K95/3600 -> 0 | T95: =Q$15+(Q$16-Q$15)*(S95-S$15)/(S$16-S$15) -> #DIV/0! | U95: =O95*T95 -> #DIV/0!
C96: 78 | F96: 2013 | G96: 7 | Q96: =O96*$Q$15 -> #DIV/0! | S96: =H96*24+I96+J96/60+K96/3600 -> 0 | T96: =Q$15+(Q$16-Q$15)*(S96-S$15)/(S$16-S$15) -> #DIV/0! | U96: =O96*T96 -> #DIV/0!
... C102: 84 | F102: 2013 | G102: 7 | Q102: =O102*$Q$15 -> #DIV/0! | S102: =H102*24+I102+J102/60+K102/3600 -> 0 | T102: =Q$15+(Q$16-Q$15)*(S102-S$15)/(S$16-S$15) -> #DIV/0! | U102: =O102*T102 -> #DIV/0!

Sheet Experimental Info and Setup
A1: Jar # | B1: Soil Type | C1: Temp (deg C) | D1: Treatment | E1: Replicate # | F1: Jar+Lid Mass (g) | G1: Soil Mass (g) | H1: Sand Mass (g) | I1: Total Dry Mass (g) | J1: H2O holding capacity (Ml/g) | K1: Water to make 60% H.Cap. (mL) | L1: Bacterial Inoculum (mL) | M1: Amoebal Inoculum (Ml) | N1: Sterile H2O [to add] | O1: Wet Mass (60% Cap.) expected | P1: Wet Mass Observed 7/22 before 15 deg | Q1: moisture difference | R1: Expected soil+jar+lid mass | S1: Measured soil+jar+lid mass | T1: Minus this amt. of H2O | U1: amoeabe added 7/24 | V1: water added 7/24 | X1: Sterile H2O added 7/18 | Y1: Current Mass (7/19) (too high) | Z1: Difference (need to lose)
A2: 1 | B2: TILL | C2: 15 | D2: B+A | E2: 1 | F2: 57.562 | G2: 3 | H2: 12 | I2: =SUM(G2:H2) -> 15 | J2: 0.27780834 | K2: =(J2*I2)*0.6 -> 2.5002751 | L2: 2 | M2: 0.5 | N2: =K2-(L2+M2) -> 0.00027508023 | O2: =I2+K2+F2 -> 75.062275 | P2: 75.09 | Q2: =O2-P2 -> -0.02772492 | T2: =S2-R2 -> 0 | U2: y | X2: 3 | Z2: =(Y2-O2)+0.25 -> -74.812275
A3: 2 | B3: TILL | C3: 15 | D3: B+A | E3: 2 | F3: 57.573 | G3: 3 | H3: 12 | I3: =SUM(G3:H3) -> 15 | J3: 0.27780834 | K3: =(J3*I3)*0.6 -> 2.5002751 | L3: 2 | M3: 0.5 | N3: =K3-(L3+M3) -> 0.00027508023 | O3: =I3+K3+F3 -> 75.073275 | P3: 75.1 | Q3: =O3-P3 -> -0.02672492 | T3: =S3-R3 -> 0 | U3: y | X3: 3 | Z3: =(Y3-O3)+0.25 -> -74.823275 | AT3: Initial N readings | AV3: 41479
A4: 3 | B4: TILL | C4: 15 | D4: B+A | E4: 3 | F4: 59.277 | G4: 3 | H4: 12 | I4: =SUM(G4:H4) -> 15 | J4: 0.27780834 | K4: =(J4*I4)*0.6 -> 2.5002751 | L4: 2 | M4: 0.5 | N4: =K4-(L4+M4) -> 0.00027508023 | O4: =I4+K4+F4 -> 76.777275 | P4: 76.8 | Q4: =O4-P4 -> -0.02272492 | T4: =S4-R4 -> 0 | U4: y | X4: 3 | Z4: =(Y4-O4)+0.25 -> -76.527275 | AT4: Soil Type | AU4: Community | AV4: Jar
A5: 4 | B5: TILL | C5: 15 | D5: B+A | E5: 4 | F5: 57.995 | G5: 3 | H5: 12 | I5: =SUM(G5:H5) -> 15 | J5: 0.27780834 | K5: =(J5*I5)*0.6 -> 2.5002751 | L5: 2 | M5: 0.5 | N5: =K5-(L5+M5) -> 0.00027508023 | O5: =I5+K5+F5 -> 75.495275 | P5: 75.51 | Q5: =O5-P5 -> -0.01472492 | T5: =S5-R5 -> 0 | U5: y | X5: 3 | Z5: =(Y5-O5)+0.25 -> -75.245275 | AT5: Till | AU5: Bac | AV5: 86
A6: 5 | B6: TILL | C6: 15 | D6: B+A | E6: 5 | F6: 58.243 | G6: 3 | H6: 12 | I6: =SUM(G6:H6) -> 15 | J6: 0.27780834 | K6: =(J6*I6)*0.6 -> 2.5002751 | L6: 2 | M6: 0.5 | N6: =K6-(L6+M6) -> 0.00027508023 | O6: =I6+K6+F6 -> 75.743275 | P6: 75.72 | Q6: =O6-P6 -> 0.02327508 | T6: =S6-R6 -> 0 | U6: y | X6: 3 | Z6: =(Y6-O6)+0.25 -> -75.493275 | AT6: Till | AU6: Bac | AV6: 87
A7: 6 | B7: TILL | C7: 15 | D7: B | E7: 1 | F7: 58.338 | G7: 3 | H7: 12 | I7: =SUM(G7:H7) -> 15 | J7: 0.27780834 | K7: =(J7*I7)*0.6 -> 2.5002751 | L7: 2 | M7: 0 | N7: =K7-(L7+M7) -> 0.50027508 | O7: =I7+K7+F7 -> 75.838275 | P7: 75.86 | Q7: =O7-P7 -> -0.02172492 | T7: =S7-R7 -> 0 | X7: 3 | Z7: =(Y7-O7)+0.25 -> -75.588275 | AT7: Till | AU7: Bac | AV7: 88
A8: 7 | B8: TILL | C8: 15 | D8: B | E8: 2 | F8: 57.756 | G8: 3 | H8: 12 | I8: =SUM(G8:H8) -> 15 | J8: 0.27780834 | K8: =(J8*I8)*0.6 -> 2.5002751 | L8: 2 | M8: 0 | N8: =K8-(L8+M8) -> 0.50027508 | O8: =I8+K8+F8 -> 75.256275 | P8: 75.27 | Q8: =O8-P8 -> -0.01372492 | T8: =S8-R8 -> 0 | X8: 3 | Z8: =(Y8-O8)+0.25 -> -75.006275 | AT8: Till | AU8: Sterile | AV8: 93
A9: 8 | B9: TILL | C9: 15 | D9: B | E9: 3 | F9: 57.906 | G9: 3 | H9: 12 | I9: =SUM(G9:H9) -> 15 | J9: 0.27780834 | K9: =(J9*I9)*0.6 -> 2.5002751 | L9: 2 | M9: 0 | N9: =K9-(L9+M9) -> 0.50027508 | O9: =I9+K9+F9 -> 75.406275 | P9: 75.41 | Q9: =O9-P9 -> -0.0037249198 | T9: =S9-R9 -> 0 | X9: 3 | Z9: =(Y9-O9)+0.25 -> -75.156275 | AT9: Till | AU9: Sterile | AV9: 94
A10: 9 | B10: TILL | C10: 15 | D10: B | E10: 4 | F10: 57.778 | G10: 3 | H10: 12 | I10: =SUM(G10:H10) -> 15 | J10: 0.27780834 | K10: =(J10*I10)*0.6 -> 2.5002751 | L10: 2 | M10: 0 | N10: =K10-(L10+M10) -> 0.50027508 | O10: =I10+K10+F10 -> 75.278275 | P10: 75.29 | Q10: =O10-P10 -> -0.01172492 | T10: =S10-R10 -> 0 | X10: 3 | Z10: =(Y10-O10)+0.25 -> -75.028275 | AT10: Till | AU10: Sterile | AV10: 95
A11: 10 | B11: TILL | C11: 15 | D11: B | E11: 5 | F11: 58.732 | G11: 3 | H11: 12 | I11: =SUM(G11:H11) -> 15 | J11: 0.27780834 | K11: =(J11*I11)*0.6 -> 2.5002751 | L11: 2 | M11: 0 | N11: =K11-(L11+M11) -> 0.50027508 | O11: =I11+K11+F11 -> 76.232275 | P11: 76.23 | Q11: =O11-P11 -> 0.0022750802 | T11: =S11-R11 -> 0 | X11: 3 | Z11: =(Y11-O11)+0.25 -> -75.982275 | AC11: need to weigh jars on Monday. Hopefully they will have dried down in mass and the new amount can be added back Monday or Tuesday. | AT11: NoTill | AU11: Bac | AV11: 89
A12: 85 | B12: TILL | C12: 15 | D12: S | E12: 1 | F12: 58.667 | G12: 3 | H12: 12 | I12: =SUM(G12:H12) -> 15 | J12: 0.27780834 | K12: =(J12*I12)*0.6 -> 2.5002751 | L12: 0 | M12: 0 | N12: =K12-(L12+M12) -> 2.5002751 | O12: =I12+K12+F12 -> 76.167275 | P12: 75.06 | Q12: =O12-P12 -> 1.1072751 | T12: =S12-R12 -> 0 | X12: 3 | Z12: =(Y12-O12)+0.25 -> -75.917275 | AT12: NoTill | AU12: Bac | AV12: 90
A13: 12 | B13: TILL | C13: 15 | D13: N | E13: 2 | F13: 58.732 | G13: 3 | H13: 12 | I13: =SUM(G13:H13) -> 15 | J13: 0.27780834 | K13: =(J13*I13)*0.6 -> 2.5002751 | L13: 0 | M13: 0 | N13: =K13-(L13+M13) -> 2.5002751 | O13: =I13+K13+F13 -> 76.232275 | P13: 76.26 | Q13: =O13-P13 -> -0.02772492 | T13: =S13-R13 -> 0 | X13: 3 | Z13: =(Y13-O13)+0.25 -> -75.982275 | AT13: NoTill | AU13: Bac | AV13: 91
A14: 13 | B14: TILL | C14: 15 | D14: N | E14: 3 | F14: 58.172 | G14: 3 | H14: 12 | I14: =SUM(G14:H14) -> 15 | J14: 0.27780834 | K14: =(J14*I14)*0.6 -> 2.5002751 | L14: 0 | M14: 0 | N14: =K14-(L14+M14) -> 2.5002751 | O14: =I14+K14+F14 -> 75.672275 | P14: 75.69 | Q14: =O14-P14 -> -0.01772492 | T14: =S14-R14 -> 0 | X14: 3 | Z14: =(Y14-O14)+0.25 -> -75.422275 | AT14: NoTill | AU14: Sterile | AV14: 92
A15: 14 | B15: TILL | C15: 15 | D15: N | E15: 1 | F15: 57.993 | G15: 3 | H15: 12 | I15: =SUM(G15:H15) -> 15 | J15: 0.27780834 | K15: =(J15*I15)*0.6 -> 2.5002751 | L15: 0 | M15: 0 | N15: =K15-(L15+M15) -> 2.5002751 | O15: =I15+K15+F15 -> 75.493275 | P15: 75.52 | Q15: =O15-P15 -> -0.02672492 | T15: =S15-R15 -> 0 | X15: 3 | Z15: =(Y15-O15)+0.25 -> -75.243275 | AT15: NoTill | AU15: Sterile | AV15: 96
A16: 15 | B16: NO TILL | C16: 15 | D16: B+A | E16: 1 | F16: 59.313 | G16: 3 | H16: 12 | I16: =SUM(G16:H16) -> 15 | J16: 0.32184351 | K16: =(J16*I16)*0.6 -> 2.8965916 | L16: 2 | M16: 0.5 | N16: =K16-(L16+M16) -> 0.39659158 | O16: =I16+K16+F16 -> 77.209592 | P16: 77.19 | Q16: =O16-P16 -> 0.019591577 | T16: =S16-R16 -> 0 | U16: y | X16: 3 | Z16: =(Y16-O16)+0.25 -> -76.959592 | AT16: NoTill | AU16: Sterile | AV16: 97
A17: 16 | B17: NO TILL | C17: 15 | D17: B+A | E17: 2 | F17: 59.31 | G17: 3 | H17: 12 | I17: =SUM(G17:H17) -> 15 | J17: 0.32184351 | K17: =(J17*I17)*0.6 -> 2.8965916 | L17: 2 | M17: 0.5 | N17: =K17-(L17+M17) -> 0.39659158 | O17: =I17+K17+F17 -> 77.206592 | P17: 77.17 | Q17: =O17-P17 -> 0.036591577 | T17: =S17-R17 -> 0 | U17: y | X17: 3 | Z17: =(Y17-O17)+0.25 -> -76.956592 | AT17: Blank | AU17: - | AV17: Bl1
A18: 17 | B18: NO TILL | C18: 15 | D18: B+A | E18: 3 | F18: 59.258 | G18: 3 | H18: 12 | I18: =SUM(G18:H18) -> 15 | J18: 0.32184351 | K18: =(J18*I18)*0.6 -> 2.8965916 | L18: 2 | M18: 0.5 | N18: =K18-(L18+M18) -> 0.39659158 | O18: =I18+K18+F18 -> 77.154592 | P18: 77.12 | Q18: =O18-P18 -> 0.034591577 | T18: =S18-R18 -> 0 | U18: y | X18: 3 | Z18: =(Y18-O18)+0.25 -> -76.904592 | AT18: Blank | AU18: - | AV18: Bl2
A19: 18 | B19: NO TILL | C19: 15 | D19: B+A | E19: 4 | F19: 58.044 | G19: 3 | H19: 12 | I19: =SUM(G19:H19) -> 15 | J19: 0.32184351 | K19: =(J19*I19)*0.6 -> 2.8965916 | L19: 2 | M19: 0.5 | N19: =K19-(L19+M19) -> 0.39659158 | O19: =I19+K19+F19 -> 75.940592 | P19: 75.98 | Q19: =O19-P19 -> -0.039408423 | T19: =S19-R19 -> 0 | U19: y | X19: 3 | Z19: =(Y19-O19)+0.25 -> -75.690592 | AT19: Blank | AU19: - | AV19: Bl3
A20: 19 | B20: NO TILL | C20: 15 | D20: B+A | E20: 5 | F20: 59.353 | G20: 3 | H20: 12 | I20: =SUM(G20:H20) -> 15 | J20: 0.32184351 | K20: =(J20*I20)*0.6 -> 2.8965916 | L20: 2 | M20: 0.5 | N20: =K20-(L20+M20) -> 0.39659158 | O20: =I20+K20+F20 -> 77.249592 | P20: 77.28 | Q20: =O20-P20 -> -0.030408423 | T20: =S20-R20 -> 0 | U20: y | X20: 3 | Z20: =(Y20-O20)+0.25 -> -76.999592
A21: 20 | B21: NO TILL | C21: 15 | D21: B | E21: 1 | F21: 57.832 | G21: 3 | H21: 12 | I21: =SUM(G21:H21) -> 15 | J21: 0.32184351 | K21: =(J21*I21)*0.6 -> 2.8965916 | L21: 2 | M21: 0 | N21: =K21-(L21+M21) -> 0.89659158 | O21: =I21+K21+F21 -> 75.728592 | P21: 75.73 | Q21: =O21-P21 -> -0.0014084229 | T21: =S21-R21 -> 0 | X21: 3 | Z21: =(Y21-O21)+0.25 -> -75.478592
A22: 21 | B22: NO TILL | C22: 15 | D22: B | E22: 2 | F22: 57.781 | G22: 3 | H22: 12 | I22: =SUM(G22:H22) -> 15 | J22: 0.32184351 | K22: =(J22*I22)*0.6 -> 2.8965916 | L22: 2 | M22: 0 | N22: =K22-(L22+M22) -> 0.89659158 | O22: =I22+K22+F22 -> 75.677592 | P22: 75.68 | Q22: =O22-P22 -> -0.0024084229 | T22: =S22-R22 -> 0 | X22: 3 | Z22: =(Y22-O22)+0.25 -> -75.427592
A23: 22 | B23: NO TILL | C23: 15 | D23: B | E23: 3 | F23: 59.121 | G23: 3 | H23: 12 | I23: =SUM(G23:H23) -> 15 | J23: 0.32184351 | K23: =(J23*I23)*0.6 -> 2.8965916 | L23: 2 | M23: 0 | N23: =K23-(L23+M23) -> 0.89659158 | O23: =I23+K23+F23 -> 77.017592 | P23: 77.05 | Q23: =O23-P23 -> -0.032408423 | T23: =S23-R23 -> 0 | X23: 3 | Z23: =(Y23-O23)+0.25 -> -76.767592
A24: 23 | B24: NO TILL | C24: 15 | D24: B | E24: 4 | F24: 57.805 | G24: 3 | H24: 12 | I24: =SUM(G24:H24) -> 15 | J24: 0.32184351 | K24: =(J24*I24)*0.6 -> 2.8965916 | L24: 2 | M24: 0 | N24: =K24-(L24+M24) -> 0.89659158 | O24: =I24+K24+F24 -> 75.701592 | P24: 75.71 | Q24: =O24-P24 -> -0.0084084229 | T24: =S24-R24 -> 0 | X24: 3 | Z24: =(Y24-O24)+0.25 -> -75.451592
A25: 24 | B25: NO TILL | C25: 15 | D25: B | E25: 5 | F25: 57.324 | G25: 3 | H25: 12 | I25: =SUM(G25:H25) -> 15 | J25: 0.32184351 | K25: =(J25*I25)*0.6 -> 2.8965916 | L25: 2 | M25: 0 | N25: =K25-(L25+M25) -> 0.89659158 | O25: =I25+K25+F25 -> 75.220592 | P25: 75.23 | Q25: =O25-P25 -> -0.0094084229 | T25: =S25-R25 -> 0 | X25: 3 | Z25: =(Y25-O25)+0.25 -> -74.970592
A26: 25 | B26: NO TILL | C26: 15 | D26: N | E26: 1 | F26: 59.082 | G26: 3 | H26: 12 | I26: =SUM(G26:H26) -> 15 | J26: 0.32184351 | K26: =(J26*I26)*0.6 -> 2.8965916 | L26: 0 | M26: 0 | N26: =K26-(L26+M26) -> 2.8965916 | O26: =I26+K26+F26 -> 76.978592 | P26: 77.38 | Q26: =O26-P26 -> -0.40140842 | T26: =S26-R26 -> 0 | X26: 3 | Z26: =(Y26-O26)+0.25 -> -76.728592
A27: 26 | B27: NO TILL | C27: 15 | D27: N | E27: 2 | F27: 59.485 | G27: 3 | H27: 12 | I27: =SUM(G27:H27) -> 15 | J27: 0.32184351 | K27: =(J27*I27)*0.6 -> 2.8965916 | L27: 0 | M27: 0 | N27: =K27-(L27+M27) -> 2.8965916 | O27: =I27+K27+F27 -> 77.381592 | P27: 77.32 | Q27: =O27-P27 -> 0.061591577 | T27: =S27-R27 -> 0 | X27: 3 | Z27: =(Y27-O27)+0.25 -> -77.131592
A28: 27 | B28: NO TILL | C28: 15 | D28: N | E28: 3 | F28: 59.258 | G28: 3 | H28: 12 | I28: =SUM(G28:H28) -> 15 | J28: 0.32184351 | K28: =(J28*I28)*0.6 -> 2.8965916 | L28: 0 | M28: 0 | N28: =K28-(L28+M28) -> 2.8965916 | O28: =I28+K28+F28 -> 77.154592 | P28: 77.79 | Q28: =O28-P28 -> -0.63540842 | T28: =S28-R28 -> 0 | X28: 3 | Z28: =(Y28-O28)+0.25 -> -76.904592
A29: 28 | B29: NO TILL | C29: 15 | D29: S | E29: 1 | F29: 59.252 | G29: 3 | H29: 12 | I29: =SUM(G29:H29) -> 15 | J29: 0.32184351 | K29: =(J29*I29)*0.6 -> 2.8965916 | L29: 0 | M29: 0 | N29: =K29-(L29+M29) -> 2.8965916 | O29: =I29+K29+F29 -> 77.148592 | P29: 77.14 | Q29: =O29-P29 -> 0.0085915771 | T29: =S29-R29 -> 0 | X29: 3 | Z29: =(Y29-O29)+0.25 -> -76.898592
A30: 29 | B30: NT CRUSH | C30: 15 | D30: B+A | E30: 1 | F30: 58.177 | G30: 3 | H30: 12 | I30: =SUM(G30:H30) -> 15 | J30: 0.34250755 | K30: =(J30*I30)*0.6 -> 3.0825679 | L30: 2 | M30: 0.5 | N30: =K30-(L30+M30) -> 0.58256794 | O30: =I30+K30+F30 -> 76.259568 | P30: 75.33 | Q30: =O30-P30 -> 0.92956794 | T30: =S30-R30 -> 0 | U30: y | X30: 3 | Z30: =(Y30-O30)+0.25 -> -76.009568
A31: 30 | B31: NT CRUSH | C31: 15 | D31: B+A | E31: 2 | F31: 58.045 | G31: 3 | H31: 12 | I31: =SUM(G31:H31) -> 15 | J31: 0.34250755 | K31: =(J31*I31)*0.6 -> 3.0825679 | L31: 2 | M31: 0.5 | N31: =K31-(L31+M31) -> 0.58256794 | O31: =I31+K31+F31 -> 76.127568 | P31: 76.17 | Q31: =O31-P31 -> -0.042432064 | T31: =S31-R31 -> 0 | U31: y | X31: 3 | Z31: =(Y31-O31)+0.25 -> -75.877568
A32: 31 | B32: NT CRUSH | C32: 15 | D32: B+A | E32: 3 | F32: 58.694 | G32: 3 | H32: 12 | I32: =SUM(G32:H32) -> 15 | J32: 0.34250755 | K32: =(J32*I32)*0.6 -> 3.0825679 | L32: 2 | M32: 0.5 | N32: =K32-(L32+M32) -> 0.58256794 | O32: =I32+K32+F32 -> 76.776568 | P32: 76.82 | Q32: =O32-P32 -> -0.043432064 | T32: =S32-R32 -> 0 | U32: y | X32: 3 | Z32: =(Y32-O32)+0.25 -> -76.526568
A33: 32 | B33: NT CRUSH | C33: 15 | D33: B+A | E33: 4 | F33: 57.306 | G33: 3 | H33: 12 | I33: =SUM(G33:H33) -> 15 | J33: 0.34250755 | K33: =(J33*I33)*0.6 -> 3.0825679 | L33: 2 | M33: 0.5 | N33: =K33-(L33+M33) -> 0.58256794 | O33: =I33+K33+F33 -> 75.388568 | P33: 75.4 | Q33: =O33-P33 -> -0.011432064 | T33: =S33-R33 -> 0 | U33: y | X33: 3 | Z33: =(Y33-O33)+0.25 -> -75.138568
A34: 33 | B34: NT CRUSH | C34: 15 | D34: B+A | E34: 5 | F34: 58.787 | G34: 3 | H34: 12 | I34: =SUM(G34:H34) -> 15 | J34: 0.34250755 | K34: =(J34*I34)*0.6 -> 3.0825679 | L34: 2 | M34: 0.5 | N34: =K34-(L34+M34) -> 0.58256794 | O34: =I34+K34+F34 -> 76.869568 | P34: 76.88 | Q34: =O34-P34 -> -0.010432064 | T34: =S34-R34 -> 0 | U34: y | X34: 3 | Z34: =(Y34-O34)+0.25 -> -76.619568
A35: 34 | B35: NT CRUSH | C35: 15 | D35: B | E35: 1 | F35: 58.746 | G35: 3 | H35: 12 | I35: =SUM(G35:H35) -> 15 | J35: 0.34250755 | K35: =(J35*I35)*0.6 -> 3.0825679 | L35: 2 | M35: 0 | N35: =K35-(L35+M35) -> 1.0825679 | O35: =I35+K35+F35 -> 76.828568 | P35: 76.84 | Q35: =O35-P35 -> -0.011432064 | T35: =S35-R35 -> 0 | X35: 3 | Z35: =(Y35-O35)+0.25 -> -76.578568
A36: 35 | B36: NT CRUSH | C36: 15 | D36: B | E36: 2 | F36: 59.216 | G36: 3 | H36: 12 | I36: =SUM(G36:H36) -> 15 | J36: 0.34250755 | K36: =(J36*I36)*0.6 -> 3.0825679 | L36: 2 | M36: 0 | N36: =K36-(L36+M36) -> 1.0825679 | O36: =I36+K36+F36 -> 77.298568 | P36: 77.28 | Q36: =O36-P36 -> 0.018567936 | T36: =S36-R36 -> 0 | X36: 3 | Z36: =(Y36-O36)+0.25 -> -77.048568
A37: 36 | B37: NT CRUSH | C37: 15 | D37: B | E37: 3 | F37: 57.85 | G37: 3 | H37: 12 | I37: =SUM(G37:H37) -> 15 | J37: 0.34250755 | K37: =(J37*I37)*0.6 -> 3.0825679 | L37: 2 | M37: 0 | N37: =K37-(L37+M37) -> 1.0825679 | O37: =I37+K37+F37 -> 75.932568 | P37: 75.93 | Q37: =O37-P37 -> 0.0025679359 | T37: =S37-R37 -> 0 | X37: 3 | Z37: =(Y37-O37)+0.25 -> -75.682568
A38: 37 | B38: NT CRUSH | C38: 15 | D38: B | E38: 4 | F38: 59.211 | G38: 3 | H38: 12 | I38: =SUM(G38:H38) -> 15 | J38: 0.34250755 | K38: =(J38*I38)*0.6 -> 3.0825679 | L38: 2 | M38: 0 | N38: =K38-(L38+M38) -> 1.0825679 | O38: =I38+K38+F38 -> 77.293568 | P38: 77.32 | Q38: =O38-P38 -> -0.026432064 | T38: =S38-R38 -> 0 | X38: 3 | Z38: =(Y38-O38)+0.25 -> -77.043568
A39: 38 | B39: NT CRUSH | C39: 15 | D39: B | E39: 5 | F39: 58.795 | G39: 3 | H39: 12 | I39: =SUM(G39:H39) -> 15 | J39: 0.34250755 | K39: =(J39*I39)*0.6 -> 3.0825679 | L39: 2 | M39: 0 | N39: =K39-(L39+M39) -> 1.0825679 | O39: =I39+K39+F39 -> 76.877568 | P39: 76.87 | Q39: =O39-P39 -> 0.0075679359 | T39: =S39-R39 -> 0 | X39: 3 | Z39: =(Y39-O39)+0.25 -> -76.627568
A40: 39 | B40: NT CRUSH | C40: 15 | D40: N | E40: 1 | F40: 59.006 | G40: 3 | H40: 12 | I40: =SUM(G40:H40) -> 15 | J40: 0.34250755 | K40: =(J40*I40)*0.6 -> 3.0825679 | L40: 0 | M40: 0 | N40: =K40-(L40+M40) -> 3.0825679 | O40: =I40+K40+F40 -> 77.088568 | P40: 77.08 | Q40: =O40-P40 -> 0.0085679359 | T40: =S40-R40 -> 0 | X40: 3 | Z40: =(Y40-O40)+0.25 -> -76.838568
A41: 40 | B41: NT CRUSH | C41: 15 | D41: N | E41: 2 | F41: 58.879 | G41: 3 | H41: 12 | I41: =SUM(G41:H41) -> 15 | J41: 0.34250755 | K41: =(J41*I41)*0.6 -> 3.0825679 | L41: 0 | M41: 0 | N41: =K41-(L41+M41) -> 3.0825679 | O41: =I41+K41+F41 -> 76.961568 | P41: 76.97 | Q41: =O41-P41 -> -0.0084320641 | T41: =S41-R41 -> 0 | X41: 3 | Z41: =(Y41-O41)+0.25 -> -76.711568
A42: 41 | B42: NT CRUSH | C42: 15 | D42: N | E42: 3 | F42: 57.871 | G42: 3 | H42: 12 | I42: =SUM(G42:H42) -> 15 | J42: 0.34250755 | K42: =(J42*I42)*0.6 -> 3.0825679 | L42: 0 | M42: 0 | N42: =K42-(L42+M42) -> 3.0825679 | O42: =I42+K42+F42 -> 75.953568 | P42: 75.94 | Q42: =O42-P42 -> 0.013567936 | T42: =S42-R42 -> 0 | X42: 3 | Z42: =(Y42-O42)+0.25 -> -75.703568
A43: 42 | B43: NT CRUSH | C43: 15 | D43: S | E43: 1 | F43: 58.982 | G43: 3 | H43: 12 | I43: =SUM(G43:H43) -> 15 | J43: 0.34250755 | K43: =(J43*I43)*0.6 -> 3.0825679 | L43: 0 | M43: 0 | N43: =K43-(L43+M43) -> 3.0825679 | O43: =I43+K43+F43 -> 77.064568 | P43: 77.05 | Q43: =O43-P43 -> 0.014567936 | T43: =S43-R43 -> 0 | X43: 3 | Z43: =(Y43-O43)+0.25 -> -76.814568
A44: 43 | B44: TILL | C44: 25 | D44: B+A | E44: 1 | F44: 58.85 | G44: 3 | H44: 12 | I44: =SUM(G44:H44) -> 15 | J44: 0.27780834 | K44: =(J44*I44)*0.6 -> 2.5002751 | L44: 2 | M44: 0.5 | N44: =K44-(L44+M44) -> 0.00027508023 | O44: =I44+K44+F44 -> 76.350275 | P44: 76.63 | Q44: =O44-P44 -> -0.27972492 | T44: =S44-R44 -> 0 | X44: 3 | Z44: =(Y44-O44)+0.25 -> -76.100275
A45: 44 | B45: TILL | C45: 25 | D45: B+A | E45: 2 | F45: 57.897 | G45: 3 | H45: 12 | I45: =SUM(G45:H45) -> 15 | J45: 0.27780834 | K45: =(J45*I45)*0.6 -> 2.5002751 | L45: 2 | M45: 0.5 | N45: =K45-(L45+M45) -> 0.00027508023 | O45: =I45+K45+F45 -> 75.397275 | P45: 75.6 | Q45: =O45-P45 -> -0.20272492 | T45: =S45-R45 -> 0 | X45: 3 | Z45: =(Y45-O45)+0.25 -> -75.147275
A46: 45 | B46: TILL | C46: 25 | D46: B+A | E46: 3 | F46: 59.337 | G46: 3 | H46: 12 | I46: =SUM(G46:H46) -> 15 | J46: 0.27780834 | K46: =(J46*I46)*0.6 -> 2.5002751 | L46: 2 | M46: 0.5 | N46: =K46-(L46+M46) -> 0.00027508023 | O46: =I46+K46+F46 -> 76.837275 | P46: 77.13 | Q46: =O46-P46 -> -0.29272492 | T46: =S46-R46 -> 0 | X46: 3 | Y46: 72.72 | Z46: =(Y46-O46)+0.25 -> -3.8672751
A47: 46 | B47: TILL | C47: 25 | D47: B+A | E47: 4 | F47: 58.031 | G47: 3 | H47: 12 | I47: =SUM(G47:H47) -> 15 | J47: 0.27780834 | K47: =(J47*I47)*0.6 -> 2.5002751 | L47: 2 | M47: 0.5 | N47: =K47-(L47+M47) -> 0.00027508023 | O47: =I47+K47+F47 -> 75.531275 | P47: 76.07 | Q47: =O47-P47 -> -0.53872492 | T47: =S47-R47 -> 0 | X47: 3 | Z47: =(Y47-O47)+0.25 -> -75.281275
A48: 47 | B48: TILL | C48: 25 | D48: B+A | E48: 5 | F48: 58.151 | G48: 3 | H48: 12 | I48: =SUM(G48:H48) -> 15 | J48: 0.27780834 | K48: =(J48*I48)*0.6 -> 2.5002751 | L48: 2 | M48: 0.5 | N48: =K48-(L48+M48) -> 0.00027508023 | O48: =I48+K48+F48 -> 75.651275 | P48: 75.91 | Q48: =O48-P48 -> -0.25872492 | T48: =S48-R48 -> 0 | X48: 3 | Z48: =(Y48-O48)+0.25 -> -75.401275
A49: 48 | B49: TILL | C49: 25 | D49: B | E49: 1 | F49: 58.083 | G49: 3 | H49: 12 | I49: =SUM(G49:H49) -> 15 | J49: 0.27780834 | K49: =(J49*I49)*0.6 -> 2.5002751 | L49: 2 | M49: 0 | N49: =K49-(L49+M49) -> 0.50027508 | O49: =I49+K49+F49 -> 75.583275 | P49: 75.96 | Q49: =O49-P49 -> -0.37672492 | T49: =S49-R49 -> 0 | X49: 3 | Z49: =(Y49-O49)+0.25 -> -75.333275
A50: 49 | B50: TILL | C50: 25 | D50: B | E50: 2 | F50: 59.344 | G50: 3 | H50: 12 | I50: =SUM(G50:H50) -> 15 | J50: 0.27780834 | K50: =(J50*I50)*0.6 -> 2.5002751 | L50: 2 | M50: 0 | N50: =K50-(L50+M50) -> 0.50027508 | O50: =I50+K50+F50 -> 76.844275 | P50: 76.85 | Q50: =O50-P50 -> -0.0057249198 | T50: =S50-R50 -> 0 | X50: 3 | Z50: =(Y50-O50)+0.25 -> -76.594275
A51: 50 | B51: TILL | C51: 25 | D51: B | E51: 3 | F51: 59.044 | G51: 3 | H51: 12 | I51: =SUM(G51:H51) -> 15 | J51: 0.27780834 | K51: =(J51*I51)*0.6 -> 2.5002751 | L51: 2 | M51: 0 | N51: =K51-(L51+M51) -> 0.50027508 | O51: =I51+K51+F51 -> 76.544275 | P51: 76.53 | Q51: =O51-P51 -> 0.01427508 | T51: =S51-R51 -> 0 | X51: 3 | Z51: =(Y51-O51)+0.25 -> -76.294275
A52: 51 | B52: TILL | C52: 25 | D52: B | E52: 4 | F52: 59.433 | G52: 3 | H52: 12 | I52: =SUM(G52:H52) -> 15 | J52: 0.27780834 | K52: =(J52*I52)*0.6 -> 2.5002751 | L52: 2 | M52: 0 | N52: =K52-(L52+M52) -> 0.50027508 | O52: =I52+K52+F52 -> 76.933275 | P52: 76.92 | Q52: =O52-P52 -> 0.01327508 | T52: =S52-R52 -> 0 | X52: 3 | Z52: =(Y52-O52)+0.25 -> -76.683275
A53: 52 | B53: TILL | C53: 25 | D53: B | E53: 5 | F53: 58.198 | G53: 3 | H53: 12 | I53: =SUM(G53:H53) -> 15 | J53: 0.27780834 | K53: =(J53*I53)*0.6 -> 2.5002751 | L53: 2 | M53: 0 | N53: =K53-(L53+M53) -> 0.50027508 | O53: =I53+K53+F53 -> 75.698275 | P53: 75.68 | Q53: =O53-P53 -> 0.01827508 | T53: =S53-R53 -> 0 | X53: 3 | Z53: =(Y53-O53)+0.25 -> -75.448275
A54: 53 | B54: TILL | C54: 25 | D54: N | E54: 1 | F54: 58.997 | G54: 3 | H54: 12 | I54: =SUM(G54:H54) -> 15 | J54: 0.27780834 | K54: =(J54*I54)*0.6 -> 2.5002751 | L54: 0 | M54: 0 | N54: =K54-(L54+M54) -> 2.5002751 | O54: =I54+K54+F54 -> 76.497275 | P54: 76.48 | Q54: =O54-P54 -> 0.01727508 | T54: =S54-R54 -> 0 | X54: 3 | Z54: =(Y54-O54)+0.25 -> -76.247275
A55: 54 | B55: TILL | C55: 25 | D55: N | E55: 2 | F55: 58.384 | G55: 3 | H55: 12 | I55: =SUM(G55:H55) -> 15 | J55: 0.27780834 | K55: =(J55*I55)*0.6 -> 2.5002751 | L55: 0 | M55: 0 | N55: =K55-(L55+M55) -> 2.5002751 | O55: =I55+K55+F55 -> 75.884275 | P55: 75.92 | Q55: =O55-P55 -> -0.03572492 | T55: =S55-R55 -> 0 | X55: 3 | Z55: =(Y55-O55)+0.25 -> -75.634275
A56: 55 | B56: TILL | C56: 25 | D56: N | E56: 3 | F56: 58.284 | G56: 3 | H56: 12 | I56: =SUM(G56:H56) -> 15 | J56: 0.27780834 | K56: =(J56*I56)*0.6 -> 2.5002751 | L56: 0 | M56: 0 | N56: =K56-(L56+M56) -> 2.5002751 | O56: =I56+K56+F56 -> 75.784275 | P56: 75.79 | Q56: =O56-P56 -> -0.0057249198 | T56: =S56-R56 -> 0 | X56: 3 | Z56: =(Y56-O56)+0.25 -> -75.534275
A57: 56 | B57: TILL | C57: 25 | D57: S | E57: 1 | F57: 58.467 | G57: 3 | H57: 12 | I57: =SUM(G57:H57) -> 15 | J57: 0.27780834 | K57: =(J57*I57)*0.6 -> 2.5002751 | L57: 0 | M57: 0 | N57: =K57-(L57+M57) -> 2.5002751 | O57: =I57+K57+F57 -> 75.967275 | P57: 75.97 | Q57: =O57-P57 -> -0.0027249198 | T57: =S57-R57 -> 0 | X57: 3 | Z57: =(Y57-O57)+0.25 -> -75.717275
A58: 57 | B58: NO TILL | C58: 25 | D58: B+A | E58: 1 | F58: 58.864 | G58: 3 | H58: 12 | I58: =SUM(G58:H58) -> 15 | J58: 0.32184351 | K58: =(J58*I58)*0.6 -> 2.8965916 | L58: 2 | M58: 0.5 | N58: =K58-(L58+M58) -> 0.39659158 | O58: =I58+K58+F58 -> 76.760592 | P58: 76.77 | Q58: =O58-P58 -> -0.0094084229 | T58: =S58-R58 -> 0 | X58: 3 | Z58: =(Y58-O58)+0.25 -> -76.510592
... A85: 84 | B85: NT CRUSH | C85: 25 | D85: S | E85: 1 | F85: 59.231 | G85: 3 | H85: 12 | I85: =SUM(G85:H85) -> 15 | J85: 0.34250755 | K85: =(J85*I85)*0.6 -> 3.0825679 | L85: 0 | M85: 0 | N85: =K85-(L85+M85) -> 3.0825679 | O85: =I85+K85+F85 -> 77.313568 | P85: 77.34 | Q85: =O85-P85 -> -0.026432064 | T85: =S85-R85 -> 0 | X85: 3 | Z85: =(Y85-O85)+0.25 -> -77.063568
A86: 85 | F86: 59.811
A87: 86 | F87: 57.504
A88: 87 | F88: 59.602
A89: 88 | F89: 59.049
A90: 89 | F90: 59.038
A91: 90 | F91: 58.951
A92: 91 | F92: 58.116
A93: 92 | F93: 60.056
A94: 93 | F94: 59.165
A95: 94 | F95: 58.041
A96: 95 | F96: 59.169
A97: 96 | F97: 58.208
... A99: 99 | F99: 59.133
L100: sum (mL) | M100: sum (mL)
L101: =SUM(L2:L85) -> 120 | M101: =SUM(M2:M85) -> 15
F102: =AVERAGE(F2:F99) -> 58.675745

Sheet 7-24-13 Initial
B1: 区・条件 | C1: STD ppm | F1: year | G1: month | H1: day | I1: hh | J1: mm | K1: ss | L1: sample number | M1: CO2rt | N1: CO2hi | O1: CO2area | P1: 右は計算領域 | Q1: CO2(ppm)初期標準 | R1: ドリフト時計算 | S1: 絶対時間（ｈ） | T1: ドリフトstd factor | U1: CO2(ppm)
C2: CO2 0.9047% | D2: sample前 | F2: 2013 | G2: 7 | H2: 24 | I2: 17 | J2: 13 | O2: 175213 | S2: =H2*24+I2+J2/60+K2/3600 -> 593.21667
B3: CO２ | C3: CO2 0.9047% | D3: sample前 | F3: 2013 | G3: 7 | H3: 24 | I3: 17 | J3: 14 | O3: 177598 | S3: =H3*24+I3+J3/60+K3/3600 -> 593.23333
B4: 9047 | C4: CO2 0.9047% | D4: sample前 | F4: 2013 | G4: 7 | H4: 24 | I4: 17 | J4: 14 | O4: 165664 | S4: =H4*24+I4+J4/60+K4/3600 -> 593.23333
C5: CO2 0.9047% | D5: sample前 | F5: 2013 | G5: 7 | H5: 24 | I5: 17 | J5: 15 | O5: 163066 | S5: =H5*24+I5+J5/60+K5/3600 -> 593.25
C7: CO2 0.9047% | D7: sample後 | F7: 2013 | G7: 7 | H7: 24 | I7: 18 | J7: 49 | O7: 164726 | S7: =H7*24+I7+J7/60+K7/3600 -> 594.81667
C8: CO2 0.9047% | D8: sample後 | F8: 2013 | G8: 7 | H8: 24 | I8: 18 | J8: 50 | O8: 172890 | S8: =H8*24+I8+J8/60+K8/3600 -> 594.83333
C9: CO2 0.9047% | D9: sample後 | F9: 2013 | G9: 7 | H9: 24 | I9: 18 | J9: 51 | O9: 170208 | S9: =H9*24+I9+J9/60+K9/3600 -> 594.85
C10: CO2 0.9047% | D10: sample後
B14: 標準パラメータ | Q14: factor
C15: CO2濃度 | D15: CO2 | F15: 9047 | G15: ppm | H15: 前 | M15: =AVERAGE(M2:M6) -> #DIV/0! | N15: =AVERAGE(N2:N6) -> #DIV/0! | O15: =AVERAGE(O2:O6) -> 170385.25 | Q15: =F15/O15 -> 0.053097319 | S15: =AVERAGE(S2:S6) -> 593.23333
H16: 後 | M16: =AVERAGE(M7:M11) -> #DIV/0! | N16: =AVERAGE(N7:N11) -> #DIV/0! | O16: =AVERAGE(O7:O11) -> 169274.67 | Q16: =F15/O16 -> 0.053445682 | S16: =AVERAGE(S7:S11) -> 594.83333
Q18: 初期std利用 | U18: ドリフト補正有
B19: 15 deg | C19: 1 | F19: 2013 | G19: 7 | H19: 24 | I19: 17 | J19: 17 | O19: 21254 | Q19: =O19*$Q$15 -> 1128.5304 | S19: =H19*24+I19+J19/60+K19/3600 -> 593.28333 | T19: =Q15+(Q16-Q15)*(S19-S15)/(S16-S15) -> 0.053108206 | U19: =O19*T19 -> 1128.7618
C20: 2 | F20: 2013 | G20: 7 | H20: 24 | I20: 17 | J20: 18 | O20: 25712 | Q20: =O20*$Q$15 -> 1365.2383 | S20: =H20*24+I20+J20/60+K20/3600 -> 593.3 | T20: =Q15+(Q16-Q15)*(S20-S15)/(S16-S15) -> 0.053111834 | U20: =O20*T20 -> 1365.6115
C21: 3 | F21: 2013 | G21: 7 | H21: 24 | I21: 17 | J21: 19 | O21: 20458 | Q21: =O21*$Q$15 -> 1086.265 | S21: =H21*24+I21+J21/60+K21/3600 -> 593.31667 | T21: =Q15+(Q16-Q15)*(S21-S15)/(S16-S15) -> 0.053115463 | U21: =O21*T21 -> 1086.6361
C22: 4 | F22: 2013 | G22: 7 | H22: 24 | I22: 17 | J22: 28 | O22: 21651 | Q22: =O22*$Q$15 -> 1149.6101 | S22: =H22*24+I22+J22/60+K22/3600 -> 593.46667 | T22: =Q15+(Q16-Q15)*(S22-S15)/(S16-S15) -> 0.053148122 | U22: =O22*T22 -> 1150.71
C23: 5 | F23: 2013 | G23: 7 | H23: 24 | I23: 17 | J23: 21 | O23: 22893 | Q23: =O23*$Q$15 -> 1215.5569 | S23: =H23*24+I23+J23/60+K23/3600 -> 593.35 | T23: =Q15+(Q16-Q15)*(S23-S15)/(S16-S15) -> 0.053122721 | U23: =O23*T23 -> 1216.1384
C24: 6 | F24: 2013 | G24: 7 | H24: 24 | I24: 17 | J24: 21 | O24: 16330 | Q24: =O24*$Q$15 -> 867.07922 | S24: =H24*24+I24+J24/60+K24/3600 -> 593.35 | T24: =Q15+(Q16-Q15)*(S24-S15)/(S16-S15) -> 0.053122721 | U24: =O24*T24 -> 867.49403
C25: 7 | F25: 2013 | G25: 7 | H25: 24 | I25: 17 | J25: 22 | O25: 17274 | Q25: =O25*$Q$15 -> 917.20309 | S25: =H25*24+I25+J25/60+K25/3600 -> 593.36667 | T25: =Q15+(Q16-Q15)*(S25-S15)/(S16-S15) -> 0.053126349 | U25: =O25*T25 -> 917.70456
C26: 8 | F26: 2013 | G26: 7 | H26: 24 | I26: 17 | J26: 23 | O26: 16160 | Q26: =O26*$Q$15 -> 858.05268 | S26: =H26*24+I26+J26/60+K26/3600 -> 593.38333 | T26: =Q15+(Q16-Q15)*(S26-S15)/(S16-S15) -> 0.053129978 | U26: =O26*T26 -> 858.58045
C27: 9 | F27: 2013 | G27: 7 | H27: 24 | I27: 17 | J27: 24 | O27: 16195 | Q27: =O27*$Q$15 -> 859.91108 | S27: =H27*24+I27+J27/60+K27/3600 -> 593.4 | T27: =Q15+(Q16-Q15)*(S27-S15)/(S16-S15) -> 0.053133607 | U27: =O27*T27 -> 860.49876
C28: 10 | F28: 2013 | G28: 7 | H28: 24 | I28: 17 | J28: 25 | O28: 18688 | Q28: =O28*$Q$15 -> 992.2827 | S28: =H28*24+I28+J28/60+K28/3600 -> 593.41667 | T28: =Q15+(Q16-Q15)*(S28-S15)/(S16-S15) -> 0.053137236 | U28: =O28*T28 -> 993.02866
C29: 12 | F29: 2013 | G29: 7 | H29: 24 | I29: 17 | J29: 26 | O29: 18197 | Q29: =O29*$Q$15 -> 966.21192 | S29: =H29*24+I29+J29/60+K29/3600 -> 593.43333 | T29: =Q15+(Q16-Q15)*(S29-S15)/(S16-S15) -> 0.053140865 | U29: =O29*T29 -> 967.00431
C30: 13 | F30: 2013 | G30: 7 | H30: 24 | I30: 17 | J30: 27 | O30: 15749 | Q30: =O30*$Q$15 -> 836.22968 | S30: =H30*24+I30+J30/60+K30/3600 -> 593.45 | T30: =Q15+(Q16-Q15)*(S30-S15)/(S16-S15) -> 0.053144493 | U30: =O30*T30 -> 836.97262
C31: 14 | F31: 2013 | G31: 7 | H31: 24 | I31: 17 | J31: 30 | O31: 16325 | Q31: =O31*$Q$15 -> 866.81374 | S31: =H31*24+I31+J31/60+K31/3600 -> 593.5 | T31: =Q15+(Q16-Q15)*(S31-S15)/(S16-S15) -> 0.05315538 | U31: =O31*T31 -> 867.76157
C32: 85 | F32: 2013 | G32: 7 | H32: 24 | I32: 17 | J32: 29 | O32: 11125 | Q32: =O32*$Q$15 -> 590.70768 | S32: =H32*24+I32+J32/60+K32/3600 -> 593.48333 | T32: =Q15+(Q16-Q15)*(S32-S15)/(S16-S15) -> 0.053151751 | U32: =O32*T32 -> 591.31323
C33: 15 | F33: 2013 | G33: 7 | H33: 24 | I33: 17 | J33: 31 | O33: 30637 | Q33: =O33*$Q$15 -> 1626.7426 | S33: =H33*24+I33+J33/60+K33/3600 -> 593.51667 | T33: =Q15+(Q16-Q15)*(S33-S15)/(S16-S15) -> 0.053159008 | U33: =O33*T33 -> 1628.6325
C34: 16 | F34: 2013 | G34: 7 | H34: 24 | I34: 17 | J34: 32 | O34: 30864 | Q34: =O34*$Q$15 -> 1638.7957 | S34: =H34*24+I34+J34/60+K34/3600 -> 593.53333 | T34: =Q15+(Q16-Q15)*(S34-S15)/(S16-S15) -> 0.053162637 | U34: =O34*T34 -> 1640.8116
C35: 17 | F35: 2013 | G35: 7 | H35: 24 | I35: 17 | J35: 33 | O35: 28986 | Q35: =O35*$Q$15 -> 1539.0789 | S35: =H35*24+I35+J35/60+K35/3600 -> 593.55 | T35: =Q15+(Q16-Q15)*(S35-S15)/(S16-S15) -> 0.053166266 | U35: =O35*T35 -> 1541.0774
C36: 18 | F36: 2013 | G36: 7 | H36: 24 | I36: 17 | J36: 34 | O36: 33704 | Q36: =O36*$Q$15 -> 1789.592 | S36: =H36*24+I36+J36/60+K36/3600 -> 593.56667 | T36: =Q15+(Q16-Q15)*(S36-S15)/(S16-S15) -> 0.053169895 | U36: =O36*T36 -> 1792.0381
C37: 19 | F37: 2013 | G37: 7 | H37: 24 | I37: 17 | J37: 35 | O37: 32722 | Q37: =O37*$Q$15 -> 1737.4505 | S37: =H37*24+I37+J37/60+K37/3600 -> 593.58333 | T37: =Q15+(Q16-Q15)*(S37-S15)/(S16-S15) -> 0.053173524 | U37: =O37*T37 -> 1739.944
C38: 20 | F38: 2013 | G38: 7 | H38: 24 | I38: 17 | J38: 37 | O38: 26467 | Q38: =O38*$Q$15 -> 1405.3267 | S38: =H38*24+I38+J38/60+K38/3600 -> 593.61667 | T38: =Q15+(Q16-Q15)*(S38-S15)/(S16-S15) -> 0.053180781 | U38: =O38*T38 -> 1407.5357
C39: 21 | F39: 2013 | G39: 7 | H39: 24 | I39: 17 | J39: 38 | O39: 24160 | Q39: =O39*$Q$15 -> 1282.8312 | S39: =H39*24+I39+J39/60+K39/3600 -> 593.63333 | T39: =Q15+(Q16-Q15)*(S39-S15)/(S16-S15) -> 0.05318441 | U39: =O39*T39 -> 1284.9353
C40: 22 | F40: 2013 | G40: 7 | H40: 24 | I40: 17 | J40: 39 | O40: 23147 | Q40: =O40*$Q$15 -> 1229.0436 | S40: =H40*24+I40+J40/60+K40/3600 -> 593.65 | T40: =Q15+(Q16-Q15)*(S40-S15)/(S16-S15) -> 0.053188039 | U40: =O40*T40 -> 1231.1435
C41: 23 | F41: 2013 | G41: 7 | H41: 24 | I41: 17 | J41: 40 | O41: 24509 | Q41: =O41*$Q$15 -> 1301.3622 | S41: =H41*24+I41+J41/60+K41/3600 -> 593.66667 | T41: =Q15+(Q16-Q15)*(S41-S15)/(S16-S15) -> 0.053191667 | U41: =O41*T41 -> 1303.6746
C42: 24 | F42: 2013 | G42: 7 | H42: 24 | I42: 17 | J42: 41 | O42: 24368 | Q42: =O42*$Q$15 -> 1293.8755 | S42: =H42*24+I42+J42/60+K42/3600 -> 593.68333 | T42: =Q15+(Q16-Q15)*(S42-S15)/(S16-S15) -> 0.053195296 | U42: =O42*T42 -> 1296.263
C43: 25 | F43: 2013 | G43: 7 | H43: 24 | I43: 17 | J43: 43 | O43: 30237 | Q43: =O43*$Q$15 -> 1605.5036 | S43: =H43*24+I43+J43/60+K43/3600 -> 593.71667 | T43: =Q15+(Q16-Q15)*(S43-S15)/(S16-S15) -> 0.053202554 | U43: =O43*T43 -> 1608.6856
C44: 26 | F44: 2013 | G44: 7 | H44: 24 | I44: 17 | J44: 42 | O44: 25862 | Q44: =O44*$Q$15 -> 1373.2029 | S44: =H44*24+I44+J44/60+K44/3600 -> 593.7 | T44: =Q15+(Q16-Q15)*(S44-S15)/(S16-S15) -> 0.053198925 | U44: =O44*T44 -> 1375.8306
C45: 27 | F45: 2013 | G45: 7 | H45: 24 | I45: 17 | J45: 44 | O45: 31542 | Q45: =O45*$Q$15 -> 1674.7956 | S45: =H45*24+I45+J45/60+K45/3600 -> 593.73333 | T45: =Q15+(Q16-Q15)*(S45-S15)/(S16-S15) -> 0.053206183 | U45: =O45*T45 -> 1678.2294
C46: 28 | F46: 2013 | G46: 7 | H46: 24 | I46: 17 | J46: 45 | O46: 22262 | Q46: =O46*$Q$15 -> 1182.0525 | S46: =H46*24+I46+J46/60+K46/3600 -> 593.75 | T46: =Q15+(Q16-Q15)*(S46-S15)/(S16-S15) -> 0.053209811 | U46: =O46*T46 -> 1184.5568
C47: 29 | F47: 2013 | G47: 7 | H47: 24 | I47: 17 | J47: 46 | O47: 28902 | Q47: =O47*$Q$15 -> 1534.6187 | S47: =H47*24+I47+J47/60+K47/3600 -> 593.76667 | T47: =Q15+(Q16-Q15)*(S47-S15)/(S16-S15) -> 0.05321344 | U47: =O47*T47 -> 1537.9748
C48: 30 | F48: 2013 | G48: 7 | H48: 24 | I48: 17 | J48: 47 | O48: 30000 | Q48: =O48*$Q$15 -> 1592.9196 | S48: =H48*24+I48+J48/60+K48/3600 -> 593.78333 | T48: =Q15+(Q16-Q15)*(S48-S15)/(S16-S15) -> 0.053217069 | U48: =O48*T48 -> 1596.5121
C49: 31 | F49: 2013 | G49: 7 | H49: 24 | I49: 17 | J49: 49 | O49: 29504 | Q49: =O49*$Q$15 -> 1566.5833 | S49: =H49*24+I49+J49/60+K49/3600 -> 593.81667 | T49: =Q15+(Q16-Q15)*(S49-S15)/(S16-S15) -> 0.053224326 | U49: =O49*T49 -> 1570.3305
C50: 32 | F50: 2013 | G50: 7 | H50: 24 | I50: 17 | J50: 48 | O50: 29094 | Q50: =O50*$Q$15 -> 1544.8134 | S50: =H50*24+I50+J50/60+K50/3600 -> 593.8 | T50: =Q15+(Q16-Q15)*(S50-S15)/(S16-S15) -> 0.053220698 | U50: =O50*T50 -> 1548.403
C51: 33 | F51: 2013 | G51: 7 | H51: 24 | I51: 17 | J51: 50 | O51: 28912 | Q51: =O51*$Q$15 -> 1535.1497 | S51: =H51*24+I51+J51/60+K51/3600 -> 593.83333 | T51: =Q15+(Q16-Q15)*(S51-S15)/(S16-S15) -> 0.053227955 | U51: =O51*T51 -> 1538.9266
C52: 34 | F52: 2013 | G52: 7 | H52: 24 | I52: 17 | J52: 51 | O52: 23114 | Q52: =O52*$Q$15 -> 1227.2914 | S52: =H52*24+I52+J52/60+K52/3600 -> 593.85 | T52: =Q15+(Q16-Q15)*(S52-S15)/(S16-S15) -> 0.053231584 | U52: =O52*T52 -> 1230.3948
C53: 35 | F53: 2013 | G53: 7 | H53: 24 | I53: 17 | J53: 52 | O53: 22691 | Q53: =O53*$Q$15 -> 1204.8313 | S53: =H53*24+I53+J53/60+K53/3600 -> 593.86667 | T53: =Q15+(Q16-Q15)*(S53-S15)/(S16-S15) -> 0.053235213 | U53: =O53*T53 -> 1207.9602
C54: 36 | F54: 2013 | G54: 7 | H54: 24 | I54: 17 | J54: 53 | O54: 22302 | Q54: =O54*$Q$15 -> 1184.1764 | S54: =H54*24+I54+J54/60+K54/3600 -> 593.88333 | T54: =Q15+(Q16-Q15)*(S54-S15)/(S16-S15) -> 0.053238842 | U54: =O54*T54 -> 1187.3326
C55: 37 | F55: 2013 | G55: 7 | H55: 24 | I55: 17 | J55: 54 | O55: 22563 | Q55: =O55*$Q$15 -> 1198.0348 | S55: =H55*24+I55+J55/60+K55/3600 -> 593.9 | T55: =Q15+(Q16-Q15)*(S55-S15)/(S16-S15) -> 0.05324247 | U55: =O55*T55 -> 1201.3099
C56: 38 | F56: 2013 | G56: 7 | H56: 24 | I56: 17 | J56: 55 | O56: 23896 | Q56: =O56*$Q$15 -> 1268.8135 | S56: =H56*24+I56+J56/60+K56/3600 -> 593.91667 | T56: =Q15+(Q16-Q15)*(S56-S15)/(S16-S15) -> 0.053246099 | U56: =O56*T56 -> 1272.3688
C57: 39 | F57: 2013 | G57: 7 | H57: 24 | I57: 17 | J57: 55 | O57: 41514 | Q57: =O57*$Q$15 -> 2204.2821 | S57: =H57*24+I57+J57/60+K57/3600 -> 593.91667 | T57: =Q15+(Q16-Q15)*(S57-S15)/(S16-S15) -> 0.053246099 | U57: =O57*T57 -> 2210.4586
C58: 40 | F58: 2013 | G58: 7 | H58: 24 | I58: 17 | J58: 55 | O58: 35934 | Q58: =O58*$Q$15 -> 1907.9991 | S58: =H58*24+I58+J58/60+K58/3600 -> 593.91667 | T58: =Q15+(Q16-Q15)*(S58-S15)/(S16-S15) -> 0.053246099 | U58: =O58*T58 -> 1913.3453
C59: 41 | F59: 2013 | G59: 7 | H59: 24 | I59: 17 | J59: 56 | O59: 31074 | Q59: =O59*$Q$15 -> 1649.9461 | S59: =H59*24+I59+J59/60+K59/3600 -> 593.93333 | T59: =Q15+(Q16-Q15)*(S59-S15)/(S16-S15) -> 0.053249728 | U59: =O59*T59 -> 1654.682
B60: 25 deg | C60: 42 | F60: 2013 | G60: 7 | H60: 24 | I60: 17 | J60: 59 | O60: 35728 | Q60: =O60*$Q$15 -> 1897.061 | S60: =H60*24+I60+J60/60+K60/3600 -> 593.98333 | T60: =Q15+(Q16-Q15)*(S60-S15)/(S16-S15) -> 0.053260614 | U60: =O60*T60 -> 1902.8952 | AX60: 21254
C61: 43 | F61: 2013 | G61: 7 | H61: 24 | I61: 18 | J61: 1 | O61: 35933 | Q61: =O61*$Q$15 -> 1907.946 | S61: =H61*24+I61+J61/60+K61/3600 -> 594.01667 | T61: =Q15+(Q16-Q15)*(S61-S15)/(S16-S15) -> 0.053267872 | U61: =O61*T61 -> 1914.0744 | AX61: 25712
C62: 44 | F62: 2013 | G62: 7 | H62: 24 | I62: 18 | J62: 2 | O62: 44237 | Q62: =O62*$Q$15 -> 2348.8661 | S62: =H62*24+I62+J62/60+K62/3600 -> 594.03333 | T62: =Q15+(Q16-Q15)*(S62-S15)/(S16-S15) -> 0.053271501 | U62: =O62*T62 -> 2356.5714 | AX62: 20458
C63: 45 | F63: 2013 | G63: 7 | H63: 24 | I63: 18 | J63: 3 | O63: 34944 | Q63: =O63*$Q$15 -> 1855.4327 | S63: =H63*24+I63+J63/60+K63/3600 -> 594.05 | T63: =Q15+(Q16-Q15)*(S63-S15)/(S16-S15) -> 0.053275129 | U63: =O63*T63 -> 1861.6461 | AX63: 21651
C64: 46 | F64: 2013 | G64: 7 | H64: 24 | I64: 18 | J64: 4 | O64: 25669 | Q64: =O64*$Q$15 -> 1362.9551 | S64: =H64*24+I64+J64/60+K64/3600 -> 594.06667 | T64: =Q15+(Q16-Q15)*(S64-S15)/(S16-S15) -> 0.053278758 | U64: =O64*T64 -> 1367.6124 | AX64: 22893
C65: 47 | F65: 2013 | G65: 7 | H65: 24 | I65: 18 | J65: 5 | O65: 30221 | Q65: =O65*$Q$15 -> 1604.6541 | S65: =H65*24+I65+J65/60+K65/3600 -> 594.08333 | T65: =Q15+(Q16-Q15)*(S65-S15)/(S16-S15) -> 0.053282387 | U65: =O65*T65 -> 1610.247 | AX65: 16330
C66: 48 | F66: 2013 | G66: 7 | H66: 24 | I66: 18 | J66: 6 | O66: 30658 | Q66: =O66*$Q$15 -> 1627.8576 | S66: =H66*24+I66+J66/60+K66/3600 -> 594.1 | T66: =Q15+(Q16-Q15)*(S66-S15)/(S16-S15) -> 0.053286016 | U66: =O66*T66 -> 1633.6427 | AX66: 17274
C67: 49 | F67: 2013 | G67: 7 | H67: 24 | I67: 18 | J67: 7 | O67: 38122 | Q67: =O67*$Q$15 -> 2024.176 | S67: =H67*24+I67+J67/60+K67/3600 -> 594.11667 | T67: =Q15+(Q16-Q15)*(S67-S15)/(S16-S15) -> 0.053289644 | U67: =O67*T67 -> 2031.5078 | AX67: 16160
C68: 50 | F68: 2013 | G68: 7 | H68: 24 | I68: 18 | J68: 8 | O68: 21683 | Q68: =O68*$Q$15 -> 1151.3092 | S68: =H68*24+I68+J68/60+K68/3600 -> 594.13333 | T68: =Q15+(Q16-Q15)*(S68-S15)/(S16-S15) -> 0.053293273 | U68: =O68*T68 -> 1155.558 | AX68: 16195
C69: 51 | F69: 2013 | G69: 7 | H69: 24 | I69: 18 | J69: 9 | O69: 21142 | Q69: =O69*$Q$15 -> 1122.5835 | S69: =H69*24+I69+J69/60+K69/3600 -> 594.15 | T69: =Q15+(Q16-Q15)*(S69-S15)/(S16-S15) -> 0.053296902 | U69: =O69*T69 -> 1126.8031 | AX69: 18688
C70: 52 | F70: 2013 | G70: 7 | H70: 24 | I70: 18 | J70: 9 | O70: 21370 | Q70: =O70*$Q$15 -> 1134.6897 | S70: =H70*24+I70+J70/60+K70/3600 -> 594.15 | T70: =Q15+(Q16-Q15)*(S70-S15)/(S16-S15) -> 0.053296902 | U70: =O70*T70 -> 1138.9548 | AX70: 18197
C71: 53 | F71: 2013 | G71: 7 | H71: 24 | I71: 18 | J71: 10 | O71: 23187 | Q71: =O71*$Q$15 -> 1231.1675 | S71: =H71*24+I71+J71/60+K71/3600 -> 594.16667 | T71: =Q15+(Q16-Q15)*(S71-S15)/(S16-S15) -> 0.053300531 | U71: =O71*T71 -> 1235.8794 | AX71: 15749
C72: 54 | F72: 2013 | G72: 7 | H72: 24 | I72: 18 | J72: 11 | O72: 24483 | Q72: =O72*$Q$15 -> 1299.9817 | S72: =H72*24+I72+J72/60+K72/3600 -> 594.18333 | T72: =Q15+(Q16-Q15)*(S72-S15)/(S16-S15) -> 0.05330416 | U72: =O72*T72 -> 1305.0457 | AX72: 16325
C73: 55 | F73: 2013 | G73: 7 | H73: 24 | I73: 18 | J73: 14 | O73: 21846 | Q73: =O73*$Q$15 -> 1159.964 | S73: =H73*24+I73+J73/60+K73/3600 -> 594.23333 | T73: =Q15+(Q16-Q15)*(S73-S15)/(S16-S15) -> 0.053315046 | U73: =O73*T73 -> 1164.7205 | AX73: 11125
C74: 56 | F74: 2013 | G74: 7 | H74: 24 | I74: 18 | J74: 13 | O74: 16293 | Q74: =O74*$Q$15 -> 865.11462 | S74: =H74*24+I74+J74/60+K74/3600 -> 594.21667 | T74: =Q15+(Q16-Q15)*(S74-S15)/(S16-S15) -> 0.053311417 | U74: =O74*T74 -> 868.60292 | AX74: 30637
C75: 57 | F75: 2013 | G75: 7 | H75: 24 | I75: 18 | J75: 15 | O75: 41334 | Q75: =O75*$Q$15 -> 2194.7246 | S75: =H75*24+I75+J75/60+K75/3600 -> 594.25 | T75: =Q15+(Q16-Q15)*(S75-S15)/(S16-S15) -> 0.053318675 | U75: =O75*T75 -> 2203.8741 | AX75: 30864
C76: 58 | F76: 2013 | G76: 7 | H76: 24 | I76: 18 | J76: 16 | O76: 43394 | Q76: =O76*$Q$15 -> 2304.1051 | S76: =H76*24+I76+J76/60+K76/3600 -> 594.26667 | T76: =Q15+(Q16-Q15)*(S76-S15)/(S16-S15) -> 0.053322303 | U76: =O76*T76 -> 2313.868 | AX76: 28986
C77: 59 | F77: 2013 | G77: 7 | H77: 24 | I77: 18 | J77: 17 | O77: 40198 | Q77: =O77*$Q$15 -> 2134.406 | S77: =H77*24+I77+J77/60+K77/3600 -> 594.28333 | T77: =Q15+(Q16-Q15)*(S77-S15)/(S16-S15) -> 0.053325932 | U77: =O77*T77 -> 2143.5958 | AX77: 33704
C78: 60 | F78: 2013 | G78: 7 | H78: 24 | I78: 18 | J78: 18 | O78: 43302 | Q78: =O78*$Q$15 -> 2299.2201 | S78: =H78*24+I78+J78/60+K78/3600 -> 594.3 | T78: =Q15+(Q16-Q15)*(S78-S15)/(S16-S15) -> 0.053329561 | U78: =O78*T78 -> 2309.2767 | AX78: 32722
C79: 61 | F79: 2013 | G79: 7 | H79: 24 | I79: 18 | J79: 19 | O79: 41936 | Q79: =O79*$Q$15 -> 2226.6892 | S79: =H79*24+I79+J79/60+K79/3600 -> 594.31667 | T79: =Q15+(Q16-Q15)*(S79-S15)/(S16-S15) -> 0.05333319 | U79: =O79*T79 -> 2236.5806 | AX79: 26467
C80: 62 | F80: 2013 | G80: 7 | H80: 24 | I80: 18 | J80: 20 | O80: 34778 | Q80: =O80*$Q$15 -> 1846.6186 | S80: =H80*24+I80+J80/60+K80/3600 -> 594.33333 | T80: =Q15+(Q16-Q15)*(S80-S15)/(S16-S15) -> 0.053336819 | U80: =O80*T80 -> 1854.9479 | AX80: 24160
C81: 63 | F81: 2013 | G81: 7 | H81: 24 | I81: 18 | J81: 22 | O81: 41770 | Q81: =O81*$Q$15 -> 2217.875 | S81: =H81*24+I81+J81/60+K81/3600 -> 594.36667 | T81: =Q15+(Q16-Q15)*(S81-S15)/(S16-S15) -> 0.053344076 | U81: =O81*T81 -> 2228.1821 | AX81: 23147
C82: 64 | F82: 2013 | G82: 7 | H82: 24 | I82: 18 | J82: 23 | O82: 37907 | Q82: =O82*$Q$15 -> 2012.7601 | S82: =H82*24+I82+J82/60+K82/3600 -> 594.38333 | T82: =Q15+(Q16-Q15)*(S82-S15)/(S16-S15) -> 0.053347705 | U82: =O82*T82 -> 2022.2515 | AX82: 24509
C83: 65 | F83: 2013 | G83: 7 | H83: 24 | I83: 18 | J83: 23 | O83: 39211 | Q83: =O83*$Q$15 -> 2081.999 | S83: =H83*24+I83+J83/60+K83/3600 -> 594.38333 | T83: =Q15+(Q16-Q15)*(S83-S15)/(S16-S15) -> 0.053347705 | U83: =O83*T83 -> 2091.8169 | AX83: 24368
C84: 66 | F84: 2013 | G84: 7 | H84: 24 | I84: 18 | J84: 25 | O84: 39629 | Q84: =O84*$Q$15 -> 2104.1937 | S84: =H84*24+I84+J84/60+K84/3600 -> 594.41667 | T84: =Q15+(Q16-Q15)*(S84-S15)/(S16-S15) -> 0.053354962 | U84: =O84*T84 -> 2114.4038 | AX84: 30237
C85: 67 | F85: 2013 | G85: 7 | H85: 24 | I85: 18 | J85: 28 | O85: 44298 | Q85: =O85*$Q$15 -> 2352.105 | S85: =H85*24+I85+J85/60+K85/3600 -> 594.46667 | T85: =Q$15+(Q$16-Q$15)*(S85-S$15)/(S$16-S$15) -> 0.053365849 | U85: =O85*T85 -> 2364.0004 | AX85: 25862
C86: 68 | F86: 2013 | G86: 7 | H86: 24 | I86: 18 | J86: 27 | O86: 48779 | Q86: =O86*$Q$15 -> 2590.0341 | S86: =H86*24+I86+J86/60+K86/3600 -> 594.45 | T86: =Q$15+(Q$16-Q$15)*(S86-S$15)/(S$16-S$15) -> 0.05336222 | U86: =O86*T86 -> 2602.9557 | AX86: 31542
C87: 69 | F87: 2013 | G87: 7 | H87: 24 | I87: 18 | J87: 29 | O87: 49010 | Q87: =O87*$Q$15 -> 2602.2996 | S87: =H87*24+I87+J87/60+K87/3600 -> 594.48333 | T87: =Q$15+(Q$16-Q$15)*(S87-S$15)/(S$16-S$15) -> 0.053369478 | U87: =O87*T87 -> 2615.6381 | AX87: 22262
C88: 70 | F88: 2013 | G88: 7 | H88: 24 | I88: 18 | J88: 30 | O88: 73397 | Q88: =O88*$Q$15 -> 3897.1839 | S88: =H88*24+I88+J88/60+K88/3600 -> 594.5 | T88: =Q$15+(Q$16-Q$15)*(S88-S$15)/(S$16-S$15) -> 0.053373106 | U88: =O88*T88 -> 3917.4259 | AX88: 28902
C89: 71 | F89: 2013 | G89: 7 | H89: 24 | I89: 18 | J89: 31 | O89: 42165 | Q89: =O89*$Q$15 -> 2238.8485 | S89: =H89*24+I89+J89/60+K89/3600 -> 594.51667 | T89: =Q$15+(Q$16-Q$15)*(S89-S$15)/(S$16-S$15) -> 0.053376735 | U89: =O89*T89 -> 2250.63 | AX89: 30000
C90: 72 | F90: 2013 | G90: 7 | H90: 24 | I90: 18 | J90: 34 | O90: 54758 | Q90: =O90*$Q$15 -> 2907.503 | S90: =H90*24+I90+J90/60+K90/3600 -> 594.56667 | T90: =Q$15+(Q$16-Q$15)*(S90-S$15)/(S$16-S$15) -> 0.053387622 | U90: =O90*T90 -> 2923.3994 | AX90: 29504
C91: 73 | F91: 2013 | G91: 7 | H91: 24 | I91: 18 | J91: 36 | O91: 44643 | Q91: =O91*$Q$15 -> 2370.4236 | S91: =H91*24+I91+J91/60+K91/3600 -> 594.6 | T91: =Q$15+(Q$16-Q$15)*(S91-S$15)/(S$16-S$15) -> 0.053394879 | U91: =O91*T91 -> 2383.7076 | AX91: 29094
C92: 74 | F92: 2013 | G92: 7 | H92: 24 | I92: 18 | J92: 39 | O92: 43490 | Q92: =O92*$Q$15 -> 2309.2024 | S92: =H92*24+I92+J92/60+K92/3600 -> 594.65 | T92: =Q$15+(Q$16-Q$15)*(S92-S$15)/(S$16-S$15) -> 0.053405765 | U92: =O92*T92 -> 2322.6167 | AX92: 28912
C93: 75 | F93: 2013 | G93: 7 | H93: 24 | I93: 18 | J93: 38 | O93: 48570 | Q93: =O93*$Q$15 -> 2578.9368 | S93: =H93*24+I93+J93/60+K93/3600 -> 594.63333 | T93: =Q$15+(Q$16-Q$15)*(S93-S$15)/(S$16-S$15) -> 0.053402137 | U93: =O93*T93 -> 2593.7418 | AX93: 23114
C94: 76 | F94: 2013 | G94: 7 | H94: 24 | I94: 18 | J94: 40 | O94: 38340 | Q94: =O94*$Q$15 -> 2035.7512 | S94: =H94*24+I94+J94/60+K94/3600 -> 594.66667 | T94: =Q$15+(Q$16-Q$15)*(S94-S$15)/(S$16-S$15) -> 0.053409394 | U94: =O94*T94 -> 2047.7162 | AX94: 22691
C95: 77 | F95: 2013 | G95: 7 | H95: 24 | I95: 18 | J95: 41 | O95: 40722 | Q95: =O95*$Q$15 -> 2162.229 | S95: =H95*24+I95+J95/60+K95/3600 -> 594.68333 | T95: =Q$15+(Q$16-Q$15)*(S95-S$15)/(S$16-S$15) -> 0.053413023 | U95: =O95*T95 -> 2175.0851 | AX95: 22302
C96: 78 | F96: 2013 | G96: 7 | H96: 24 | I96: 18 | J96: 42 | O96: 38819 | Q96: =O96*$Q$15 -> 2061.1848 | S96: =H96*24+I96+J96/60+K96/3600 -> 594.7 | T96: =Q$15+(Q$16-Q$15)*(S96-S$15)/(S$16-S$15) -> 0.053416652 | U96: =O96*T96 -> 2073.581 | AX96: 22563
... C102: 84 | F102: 2013 | G102: 7 | H102: 24 | I102: 18 | J102: 48 | O102: 20888 | Q102: =O102*$Q$15 -> 1109.0968 | S102: =H102*24+I102+J102/60+K102/3600 -> 594.8 | T102: =Q$15+(Q$16-Q$15)*(S102-S$15)/(S$16-S$15) -> 0.053438424 | U102: =O102*T102 -> 1116.2218 | AX102: 35933
AX103: 44237
AX104: 34944
AX105: 25669
AX106: 30221
AX107: 30658
AX108: 38122
AX109: 21683
AX110: 21142
...

Sheet 7-24-13 Final
B1: 区・条件 | C1: STD ppm | F1: year | G1: month | H1: day | I1: hh | J1: mm | K1: ss | L1: sample number | M1: CO2rt | N1: CO2hi | O1: CO2area | P1: 右は計算領域 | Q1: CO2(ppm)初期標準 | R1: ドリフト時計算 | S1: 絶対時間（ｈ） | T1: ドリフトstd factor | U1: CO2(ppm)
C2: CO2 0.9047% | D2: sample前 | F2: 2013 | G2: 7 | H2: 24 | I2: 18 | J2: 49 | O2: 164726 | S2: =H2*24+I2+J2/60+K2/3600 -> 594.81667
B3: CO２ | C3: CO2 0.9047% | D3: sample前 | F3: 2013 | G3: 7 | H3: 24 | I3: 18 | J3: 50 | O3: 172890 | S3: =H3*24+I3+J3/60+K3/3600 -> 594.83333
B4: 9047 | C4: CO2 0.9047% | D4: sample前 | F4: 2013 | G4: 7 | H4: 24 | I4: 18 | J4: 51 | O4: 170208 | S4: =H4*24+I4+J4/60+K4/3600 -> 594.85
C5: CO2 0.9047% | D5: sample前
C7: CO2 0.9047% | D7: sample後 | F7: 2013 | G7: 7 | H7: 24 | I7: 20 | J7: 59 | O7: 149056 | S7: =H7*24+I7+J7/60+K7/3600 -> 596.98333
C8: CO2 0.9047% | D8: sample後 | F8: 2013 | G8: 7 | H8: 24 | I8: 21 | J8: 0 | O8: 156659 | S8: =H8*24+I8+J8/60+K8/3600 -> 597
C9: CO2 0.9047% | D9: sample後 | F9: 2013 | G9: 7 | H9: 24 | I9: 21 | J9: 1 | O9: 155427 | S9: =H9*24+I9+J9/60+K9/3600 -> 597.01667
C10: CO2 0.9047% | D10: sample後 | F10: 2013 | G10: 7 | H10: 24 | I10: 21 | J10: 2 | O10: 158546 | S10: =H10*24+I10+J10/60+K10/3600 -> 597.03333
C11: CO2 0.9047% | D11: sample後 | F11: 2013 | G11: 7 | H11: 24 | I11: 21 | J11: 3 | O11: 155869 | S11: =H11*24+I11+J11/60+K11/3600 -> 597.05
B14: 標準パラメータ | Q14: factor
C15: CO2濃度 | D15: CO2 | F15: 9047 | G15: ppm | H15: 前 | M15: =AVERAGE(M2:M6) -> #DIV/0! | N15: =AVERAGE(N2:N6) -> #DIV/0! | O15: =AVERAGE(O2:O6) -> 169274.67 | Q15: =F15/O15 -> 0.053445682 | S15: =AVERAGE(S2:S6) -> 594.83333
H16: 後 | M16: =AVERAGE(M7:M11) -> #DIV/0! | N16: =AVERAGE(N7:N11) -> #DIV/0! | O16: =AVERAGE(O7:O11) -> 155111.4 | Q16: =F15/O16 -> 0.058325823 | S16: =AVERAGE(S7:S11) -> 597.01667
Q18: 初期std利用 | U18: ドリフト補正有
B19: 15 deg | C19: 1 | F19: 2013 | G19: 7 | H19: 24 | I19: 19 | J19: 3 | O19: 22614 | Q19: =O19*$Q$15 -> 1208.6207 | S19: =H19*24+I19+J19/60+K19/3600 -> 595.05 | T19: =Q15+(Q16-Q15)*(S19-S15)/(S16-S15) -> 0.053929971 | U19: =O19*T19 -> 1219.5724
C20: 2 | F20: 2013 | G20: 7 | H20: 24 | I20: 19 | J20: 4 | O20: 27542 | Q20: =O20*$Q$15 -> 1472.001 | S20: =H20*24+I20+J20/60+K20/3600 -> 595.06667 | T20: =Q15+(Q16-Q15)*(S20-S15)/(S16-S15) -> 0.053967224 | U20: =O20*T20 -> 1486.3653
C21: 3 | F21: 2013 | G21: 7 | H21: 24 | I21: 19 | J21: 5 | O21: 23658 | Q21: =O21*$Q$15 -> 1264.4179 | S21: =H21*24+I21+J21/60+K21/3600 -> 595.08333 | T21: =Q15+(Q16-Q15)*(S21-S15)/(S16-S15) -> 0.054004477 | U21: =O21*T21 -> 1277.6379
C22: 4 | F22: 2013 | G22: 7 | H22: 24 | I22: 19 | J22: 6 | O22: 24125 | Q22: =O22*$Q$15 -> 1289.3771 | S22: =H22*24+I22+J22/60+K22/3600 -> 595.1 | T22: =Q15+(Q16-Q15)*(S22-S15)/(S16-S15) -> 0.05404173 | U22: =O22*T22 -> 1303.7567
C23: 5 | F23: 2013 | G23: 7 | H23: 24 | I23: 19 | J23: 17 | O23: 25811 | Q23: =O23*$Q$15 -> 1379.4865 | S23: =H23*24+I23+J23/60+K23/3600 -> 595.28333 | T23: =Q15+(Q16-Q15)*(S23-S15)/(S16-S15) -> 0.054451512 | U23: =O23*T23 -> 1405.448
C24: 6 | F24: 2013 | G24: 7 | H24: 24 | I24: 19 | J24: 18 | O24: 18448 | Q24: =O24*$Q$15 -> 985.96594 | S24: =H24*24+I24+J24/60+K24/3600 -> 595.3 | T24: =Q15+(Q16-Q15)*(S24-S15)/(S16-S15) -> 0.054488765 | U24: =O24*T24 -> 1005.2087
C25: 7 | F25: 2013 | G25: 7 | H25: 24 | I25: 19 | J25: 19 | O25: 18376 | Q25: =O25*$Q$15 -> 982.11785 | S25: =H25*24+I25+J25/60+K25/3600 -> 595.31667 | T25: =Q15+(Q16-Q15)*(S25-S15)/(S16-S15) -> 0.054526018 | U25: =O25*T25 -> 1001.9701
C26: 8 | F26: 2013 | G26: 7 | H26: 24 | I26: 19 | J26: 19 | O26: 18243 | Q26: =O26*$Q$15 -> 975.00958 | S26: =H26*24+I26+J26/60+K26/3600 -> 595.31667 | T26: =Q15+(Q16-Q15)*(S26-S15)/(S16-S15) -> 0.054526018 | U26: =O26*T26 -> 994.71815
C27: 9 | F27: 2013 | G27: 7 | H27: 24 | I27: 19 | J27: 20 | O27: 18931 | Q27: =O27*$Q$15 -> 1011.7802 | S27: =H27*24+I27+J27/60+K27/3600 -> 595.33333 | T27: =Q15+(Q16-Q15)*(S27-S15)/(S16-S15) -> 0.054563271 | U27: =O27*T27 -> 1032.9373
C28: 10 | F28: 2013 | G28: 7 | H28: 24 | I28: 19 | J28: 21 | O28: 20451 | Q28: =O28*$Q$15 -> 1093.0176 | S28: =H28*24+I28+J28/60+K28/3600 -> 595.35 | T28: =Q15+(Q16-Q15)*(S28-S15)/(S16-S15) -> 0.054600524 | U28: =O28*T28 -> 1116.6353
C29: 12 | F29: 2013 | G29: 7 | H29: 24 | I29: 19 | J29: 22 | O29: 18672 | Q29: =O29*$Q$15 -> 997.93777 | S29: =H29*24+I29+J29/60+K29/3600 -> 595.36667 | T29: =Q15+(Q16-Q15)*(S29-S15)/(S16-S15) -> 0.054637777 | U29: =O29*T29 -> 1020.1966
C30: 13 | F30: 2013 | G30: 7 | H30: 24 | I30: 19 | J30: 48 | O30: 17696 | Q30: =O30*$Q$15 -> 945.77479 | S30: =H30*24+I30+J30/60+K30/3600 -> 595.8 | T30: =Q15+(Q16-Q15)*(S30-S15)/(S16-S15) -> 0.055606355 | U30: =O30*T30 -> 984.01006
C31: 14 | F31: 2013 | G31: 7 | H31: 24 | I31: 19 | J31: 49 | O31: 18762 | Q31: =O31*$Q$15 -> 1002.7479 | S31: =H31*24+I31+J31/60+K31/3600 -> 595.81667 | T31: =Q15+(Q16-Q15)*(S31-S15)/(S16-S15) -> 0.055643608 | U31: =O31*T31 -> 1043.9854
C32: 85 | F32: 2013 | G32: 7 | H32: 24 | I32: 19 | J32: 50 | O32: 10848 | Q32: =O32*$Q$15 -> 579.77876 | S32: =H32*24+I32+J32/60+K32/3600 -> 595.83333 | T32: =Q15+(Q16-Q15)*(S32-S15)/(S16-S15) -> 0.055680861 | U32: =O32*T32 -> 604.02598
C33: 15 | F33: 2013 | G33: 7 | H33: 24 | I33: 19 | J33: 7 | O33: 30982 | Q33: =O33*$Q$15 -> 1655.8541 | S33: =H33*24+I33+J33/60+K33/3600 -> 595.11667 | T33: =Q15+(Q16-Q15)*(S33-S15)/(S16-S15) -> 0.054078983 | U33: =O33*T33 -> 1675.475
C34: 16 | F34: 2013 | G34: 7 | H34: 24 | I34: 19 | J34: 8 | O34: 32019 | Q34: =O34*$Q$15 -> 1711.2773 | S34: =H34*24+I34+J34/60+K34/3600 -> 595.13333 | T34: =Q15+(Q16-Q15)*(S34-S15)/(S16-S15) -> 0.054116236 | U34: =O34*T34 -> 1732.7477
C35: 17 | F35: 2013 | G35: 7 | H35: 24 | I35: 19 | J35: 52 | O35: 48704 | Q35: =O35*$Q$15 -> 2603.0185 | S35: =H35*24+I35+J35/60+K35/3600 -> 595.86667 | T35: =Q15+(Q16-Q15)*(S35-S15)/(S16-S15) -> 0.055755367 | U35: =O35*T35 -> 2715.5094
C36: 18 | F36: 2013 | G36: 7 | H36: 24 | I36: 19 | J36: 53 | O36: 38168 | Q36: =O36*$Q$15 -> 2039.9148 | S36: =H36*24+I36+J36/60+K36/3600 -> 595.88333 | T36: =Q15+(Q16-Q15)*(S36-S15)/(S16-S15) -> 0.05579262 | U36: =O36*T36 -> 2129.4927
C37: 19 | F37: 2013 | G37: 7 | H37: 24 | I37: 19 | J37: 54 | O37: 39910 | Q37: =O37*$Q$15 -> 2133.0172 | S37: =H37*24+I37+J37/60+K37/3600 -> 595.9 | T37: =Q15+(Q16-Q15)*(S37-S15)/(S16-S15) -> 0.055829873 | U37: =O37*T37 -> 2228.1702
C38: 20 | F38: 2013 | G38: 7 | H38: 24 | I38: 19 | J38: 55 | O38: 30955 | Q38: =O38*$Q$15 -> 1654.4111 | S38: =H38*24+I38+J38/60+K38/3600 -> 595.91667 | T38: =Q15+(Q16-Q15)*(S38-S15)/(S16-S15) -> 0.055867126 | U38: =O38*T38 -> 1729.3669
C39: 21 | F39: 2013 | G39: 7 | H39: 24 | I39: 20 | J39: 0 | O39: 28189 | Q39: =O39*$Q$15 -> 1506.5803 | S39: =H39*24+I39+J39/60+K39/3600 -> 596 | T39: =Q15+(Q16-Q15)*(S39-S15)/(S16-S15) -> 0.056053391 | U39: =O39*T39 -> 1580.089
C40: 22 | F40: 2013 | G40: 7 | H40: 24 | I40: 20 | J40: 1 | O40: 26968 | Q40: =O40*$Q$15 -> 1441.3232 | S40: =H40*24+I40+J40/60+K40/3600 -> 596.01667 | T40: =Q15+(Q16-Q15)*(S40-S15)/(S16-S15) -> 0.056090644 | U40: =O40*T40 -> 1512.6525
C41: 23 | F41: 2013 | G41: 7 | H41: 24 | I41: 20 | J41: 2 | O41: 28278 | Q41: =O41*$Q$15 -> 1511.337 | S41: =H41*24+I41+J41/60+K41/3600 -> 596.03333 | T41: =Q15+(Q16-Q15)*(S41-S15)/(S16-S15) -> 0.056127897 | U41: =O41*T41 -> 1587.1847
C42: 24 | F42: 2013 | G42: 7 | H42: 24 | I42: 20 | J42: 3 | O42: 27891 | Q42: =O42*$Q$15 -> 1490.6535 | S42: =H42*24+I42+J42/60+K42/3600 -> 596.05 | T42: =Q15+(Q16-Q15)*(S42-S15)/(S16-S15) -> 0.05616515 | U42: =O42*T42 -> 1566.5022
C43: 25 | F43: 2013 | G43: 7 | H43: 24 | I43: 20 | J43: 4 | O43: 36099 | Q43: =O43*$Q$15 -> 1929.3357 | S43: =H43*24+I43+J43/60+K43/3600 -> 596.06667 | T43: =Q15+(Q16-Q15)*(S43-S15)/(S16-S15) -> 0.056202403 | U43: =O43*T43 -> 2028.8505
C44: 26 | F44: 2013 | G44: 7 | H44: 24 | I44: 20 | J44: 4 | O44: 32160 | Q44: =O44*$Q$15 -> 1718.8131 | S44: =H44*24+I44+J44/60+K44/3600 -> 596.06667 | T44: =Q15+(Q16-Q15)*(S44-S15)/(S16-S15) -> 0.056202403 | U44: =O44*T44 -> 1807.4693
C45: 27 | F45: 2013 | G45: 7 | H45: 24 | I45: 20 | J45: 7 | O45: 36483 | Q45: =O45*$Q$15 -> 1949.8588 | S45: =H45*24+I45+J45/60+K45/3600 -> 596.11667 | T45: =Q15+(Q16-Q15)*(S45-S15)/(S16-S15) -> 0.056314162 | U45: =O45*T45 -> 2054.5096
C46: 28 | F46: 2013 | G46: 7 | H46: 24 | I46: 20 | J46: 8 | O46: 25998 | Q46: =O46*$Q$15 -> 1389.4808 | S46: =H46*24+I46+J46/60+K46/3600 -> 596.13333 | T46: =Q15+(Q16-Q15)*(S46-S15)/(S16-S15) -> 0.056351415 | U46: =O46*T46 -> 1465.0241
C47: 29 | F47: 2013 | G47: 7 | H47: 24 | I47: 19 | J47: 9 | O47: 32083 | Q47: =O47*$Q$15 -> 1714.6978 | S47: =H47*24+I47+J47/60+K47/3600 -> 595.15 | T47: =Q15+(Q16-Q15)*(S47-S15)/(S16-S15) -> 0.054153489 | U47: =O47*T47 -> 1737.4064
C48: 30 | F48: 2013 | G48: 7 | H48: 24 | I48: 19 | J48: 10 | O48: 33779 | Q48: =O48*$Q$15 -> 1805.3417 | S48: =H48*24+I48+J48/60+K48/3600 -> 595.16667 | T48: =Q15+(Q16-Q15)*(S48-S15)/(S16-S15) -> 0.054190742 | U48: =O48*T48 -> 1830.5091
C49: 31 | F49: 2013 | G49: 7 | H49: 24 | I49: 20 | J49: 9 | O49: 33408 | Q49: =O49*$Q$15 -> 1785.5133 | S49: =H49*24+I49+J49/60+K49/3600 -> 596.15 | T49: =Q15+(Q16-Q15)*(S49-S15)/(S16-S15) -> 0.056388668 | U49: =O49*T49 -> 1883.8326
C50: 32 | F50: 2013 | G50: 7 | H50: 24 | I50: 20 | J50: 10 | O50: 34109 | Q50: =O50*$Q$15 -> 1822.9788 | S50: =H50*24+I50+J50/60+K50/3600 -> 596.16667 | T50: =Q15+(Q16-Q15)*(S50-S15)/(S16-S15) -> 0.056425921 | U50: =O50*T50 -> 1924.6317
C51: 33 | F51: 2013 | G51: 7 | H51: 24 | I51: 20 | J51: 11 | O51: 32982 | Q51: =O51*$Q$15 -> 1762.7455 | S51: =H51*24+I51+J51/60+K51/3600 -> 596.18333 | T51: =Q15+(Q16-Q15)*(S51-S15)/(S16-S15) -> 0.056463174 | U51: =O51*T51 -> 1862.2684
C52: 34 | F52: 2013 | G52: 7 | H52: 24 | I52: 20 | J52: 11 | O52: 25942 | Q52: =O52*$Q$15 -> 1386.4879 | S52: =H52*24+I52+J52/60+K52/3600 -> 596.18333 | T52: =Q15+(Q16-Q15)*(S52-S15)/(S16-S15) -> 0.056463174 | U52: =O52*T52 -> 1464.7676
C53: 35 | F53: 2013 | G53: 7 | H53: 24 | I53: 20 | J53: 12 | O53: 26050 | Q53: =O53*$Q$15 -> 1392.26 | S53: =H53*24+I53+J53/60+K53/3600 -> 596.2 | T53: =Q15+(Q16-Q15)*(S53-S15)/(S16-S15) -> 0.056500426 | U53: =O53*T53 -> 1471.8361
C54: 36 | F54: 2013 | G54: 7 | H54: 24 | I54: 20 | J54: 13 | O54: 25686 | Q54: =O54*$Q$15 -> 1372.8058 | S54: =H54*24+I54+J54/60+K54/3600 -> 596.21667 | T54: =Q15+(Q16-Q15)*(S54-S15)/(S16-S15) -> 0.056537679 | U54: =O54*T54 -> 1452.2268
C55: 37 | F55: 2013 | G55: 7 | H55: 24 | I55: 20 | J55: 14 | O55: 25619 | Q55: =O55*$Q$15 -> 1369.2249 | S55: =H55*24+I55+J55/60+K55/3600 -> 596.23333 | T55: =Q15+(Q16-Q15)*(S55-S15)/(S16-S15) -> 0.056574932 | U55: =O55*T55 -> 1449.3932
C56: 38 | F56: 2013 | G56: 7 | H56: 24 | I56: 20 | J56: 14 | O56: 26589 | Q56: =O56*$Q$15 -> 1421.0672 | S56: =H56*24+I56+J56/60+K56/3600 -> 596.23333 | T56: =Q15+(Q16-Q15)*(S56-S15)/(S16-S15) -> 0.056574932 | U56: =O56*T56 -> 1504.2709
C57: 39 | F57: 2013 | G57: 7 | H57: 24 | I57: 20 | J57: 15 | O57: 49923 | Q57: =O57*$Q$15 -> 2668.1688 | S57: =H57*24+I57+J57/60+K57/3600 -> 596.25 | T57: =Q15+(Q16-Q15)*(S57-S15)/(S16-S15) -> 0.056612185 | U57: =O57*T57 -> 2826.2501
C58: 40 | F58: 2013 | G58: 7 | H58: 24 | I58: 20 | J58: 16 | O58: 42896 | Q58: =O58*$Q$15 -> 2292.606 | S58: =H58*24+I58+J58/60+K58/3600 -> 596.26667 | T58: =Q15+(Q16-Q15)*(S58-S15)/(S16-S15) -> 0.056649438 | U58: =O58*T58 -> 2430.0343
C59: 41 | F59: 2013 | G59: 7 | H59: 24 | I59: 20 | J59: 17 | O59: 36294 | Q59: =O59*$Q$15 -> 1939.7576 | S59: =H59*24+I59+J59/60+K59/3600 -> 596.28333 | T59: =Q15+(Q16-Q15)*(S59-S15)/(S16-S15) -> 0.056686691 | U59: =O59*T59 -> 2057.3868
B60: 25 deg | C60: 42 | F60: 2013 | G60: 7 | H60: 24 | I60: 20 | J60: 18 | O60: 43435 | Q60: =O60*$Q$15 -> 2321.4132 | S60: =H60*24+I60+J60/60+K60/3600 -> 596.3 | T60: =Q15+(Q16-Q15)*(S60-S15)/(S16-S15) -> 0.056723944 | U60: =O60*T60 -> 2463.8045
C61: 43 | F61: 2013 | G61: 7 | H61: 24 | I61: 20 | J61: 22 | O61: 36926 | Q61: =O61*$Q$15 -> 1973.5353 | S61: =H61*24+I61+J61/60+K61/3600 -> 596.36667 | T61: =Q15+(Q16-Q15)*(S61-S15)/(S16-S15) -> 0.056872956 | U61: =O61*T61 -> 2100.0908
C62: 44 | F62: 2013 | G62: 7 | H62: 24 | I62: 20 | J62: 23 | O62: 44083 | Q62: =O62*$Q$15 -> 2356.046 | S62: =H62*24+I62+J62/60+K62/3600 -> 596.38333 | T62: =Q15+(Q16-Q15)*(S62-S15)/(S16-S15) -> 0.056910209 | U62: =O62*T62 -> 2508.7728
C63: 45 | F63: 2013 | G63: 7 | H63: 24 | I63: 20 | J63: 25 | O63: 36294 | Q63: =O63*$Q$15 -> 1939.7576 | S63: =H63*24+I63+J63/60+K63/3600 -> 596.41667 | T63: =Q15+(Q16-Q15)*(S63-S15)/(S16-S15) -> 0.056984715 | U63: =O63*T63 -> 2068.2033
C64: 46 | F64: 2013 | G64: 7 | H64: 24 | I64: 20 | J64: 26 | O64: 27078 | Q64: =O64*$Q$15 -> 1447.2022 | S64: =H64*24+I64+J64/60+K64/3600 -> 596.43333 | T64: =Q15+(Q16-Q15)*(S64-S15)/(S16-S15) -> 0.057021968 | U64: =O64*T64 -> 1544.0409
C65: 47 | F65: 2013 | G65: 7 | H65: 24 | I65: 20 | J65: 27 | O65: 32058 | Q65: =O65*$Q$15 -> 1713.3617 | S65: =H65*24+I65+J65/60+K65/3600 -> 596.45 | T65: =Q15+(Q16-Q15)*(S65-S15)/(S16-S15) -> 0.057059221 | U65: =O65*T65 -> 1829.2045
C66: 48 | F66: 2013 | G66: 7 | H66: 24 | I66: 20 | J66: 28 | O66: 31699 | Q66: =O66*$Q$15 -> 1694.1747 | S66: =H66*24+I66+J67/60+K66/3600 -> 596.46667 | T66: =Q15+(Q16-Q15)*(S66-S15)/(S16-S15) -> 0.057096474 | U66: =O66*T66 -> 1809.9011
C67: 49 | F67: 2013 | G67: 7 | H67: 24 | I67: 20 | J67: 28 | O67: 46558 | Q67: =O67*$Q$15 -> 2488.3241 | S67: =H67*24+I67+J68/60+K67/3600 -> 596.48333 | T67: =Q15+(Q16-Q15)*(S67-S15)/(S16-S15) -> 0.057133727 | U67: =O67*T67 -> 2660.0321
C68: 50 | F68: 2013 | G68: 7 | H68: 24 | I68: 20 | J68: 29 | O68: 20936 | Q68: =O68*$Q$15 -> 1118.9388 | S68: =H68*24+I68+J69/60+K68/3600 -> 596.48333 | T68: =Q15+(Q16-Q15)*(S68-S15)/(S16-S15) -> 0.057133727 | U68: =O68*T68 -> 1196.1517
C69: 51 | F69: 2013 | G69: 7 | H69: 24 | I69: 20 | J69: 29 | O69: 21088 | Q69: =O69*$Q$15 -> 1127.0625 | S69: =H69*24+I69+J70/60+K69/3600 -> 596.5 | T69: =Q15+(Q16-Q15)*(S69-S15)/(S16-S15) -> 0.05717098 | U69: =O69*T69 -> 1205.6216
C70: 52 | F70: 2013 | G70: 7 | H70: 24 | I70: 20 | J70: 30 | O70: 22390 | Q70: =O70*$Q$15 -> 1196.6488 | S70: =H70*24+I70+J71/60+K70/3600 -> 596.51667 | T70: =Q15+(Q16-Q15)*(S70-S15)/(S16-S15) -> 0.057208233 | U70: =O70*T70 -> 1280.8923
C71: 53 | F71: 2013 | G71: 7 | H71: 24 | I71: 20 | J71: 31 | O71: 24198 | Q71: =O71*$Q$15 -> 1293.2786 | S71: =H71*24+I71+J72/60+K71/3600 -> 596.53333 | T71: =Q15+(Q16-Q15)*(S71-S15)/(S16-S15) -> 0.057245486 | U71: =O71*T71 -> 1385.2263
C72: 54 | F72: 2013 | G72: 7 | H72: 24 | I72: 20 | J72: 32 | O72: 26157 | Q72: =O72*$Q$15 -> 1397.9787 | S72: =H72*24+I72+J73/60+K72/3600 -> 596.53333 | T72: =Q15+(Q16-Q15)*(S72-S15)/(S16-S15) -> 0.057245486 | U72: =O72*T72 -> 1497.3702
C73: 55 | F73: 2013 | G73: 7 | H73: 24 | I73: 20 | J73: 32 | O73: 23554 | Q73: =O73*$Q$15 -> 1258.8596 | S73: =H73*24+I73+J74/60+K73/3600 -> 596.55 | T73: =Q15+(Q16-Q15)*(S73-S15)/(S16-S15) -> 0.057282739 | U73: =O73*T73 -> 1349.2376
C74: 56 | F74: 2013 | G74: 7 | H74: 24 | I74: 20 | J74: 33 | O74: 16014 | Q74: =O74*$Q$15 -> 855.87915 | S74: =H74*24+I74+J75/60+K74/3600 -> 596.56667 | T74: =Q15+(Q16-Q15)*(S74-S15)/(S16-S15) -> 0.057319992 | U74: =O74*T74 -> 917.92235
C75: 57 | F75: 2013 | G75: 7 | H75: 24 | I75: 20 | J75: 34 | O75: 48723 | Q75: =O75*$Q$15 -> 2604.034 | S75: =H75*24+I75+J76/60+K75/3600 -> 596.58333 | T75: =Q15+(Q16-Q15)*(S75-S15)/(S16-S15) -> 0.057357245 | U75: =O75*T75 -> 2794.6171
C76: 58 | F76: 2013 | G76: 7 | H76: 24 | I76: 20 | J76: 35 | O76: 51203 | Q76: =O76*$Q$15 -> 2736.5793 | S76: =H76*24+I76+J77/60+K76/3600 -> 596.58333 | T76: =Q15+(Q16-Q15)*(S76-S15)/(S16-S15) -> 0.057357245 | U76: =O76*T76 -> 2936.863
C77: 59 | F77: 2013 | G77: 7 | H77: 24 | I77: 20 | J77: 35 | O77: 48397 | Q77: =O77*$Q$15 -> 2586.6107 | S77: =H77*24+I77+J78/60+K77/3600 -> 596.63333 | T77: =Q15+(Q16-Q15)*(S77-S15)/(S16-S15) -> 0.057469004 | U77: =O77*T77 -> 2781.3274
C78: 60 | F78: 2013 | G78: 7 | H78: 24 | I78: 20 | J78: 38 | O78: 50310 | Q78: =O78*$Q$15 -> 2688.8523 | S78: =H78*24+I78+J79/60+K78/3600 -> 596.61667 | T78: =Q15+(Q16-Q15)*(S78-S15)/(S16-S15) -> 0.057431751 | U78: =O78*T78 -> 2889.3914
C79: 61 | F79: 2013 | G79: 7 | H79: 24 | I79: 20 | J79: 37 | O79: 48498 | Q79: =O79*$Q$15 -> 2592.0087 | S79: =H79*24+I79+J80/60+K79/3600 -> 596.65 | T79: =Q15+(Q16-Q15)*(S79-S15)/(S16-S15) -> 0.057506257 | U79: =O79*T79 -> 2788.9385
C80: 62 | F80: 2013 | G80: 7 | H80: 24 | I80: 20 | J80: 39 | O80: 39885 | Q80: =O80*$Q$15 -> 2131.681 | S80: =H80*24+I80+J81/60+K80/3600 -> 596.66667 | T80: =Q15+(Q16-Q15)*(S80-S15)/(S16-S15) -> 0.05754351 | U80: =O80*T80 -> 2295.1229
C81: 63 | F81: 2013 | G81: 7 | H81: 24 | I81: 20 | J81: 40 | O81: 46826 | Q81: =O81*$Q$15 -> 2502.6475 | S81: =H81*24+I81+J82/60+K81/3600 -> 596.68333 | T81: =Q15+(Q16-Q15)*(S81-S15)/(S16-S15) -> 0.057580763 | U81: =O81*T81 -> 2696.2768
C82: 64 | F82: 2013 | G82: 7 | H82: 24 | I82: 20 | J82: 41 | O82: 43638 | Q82: =O82*$Q$15 -> 2332.2627 | S82: =H82*24+I82+J83/60+K82/3600 -> 596.7 | T82: =Q15+(Q16-Q15)*(S82-S15)/(S16-S15) -> 0.057618016 | U82: =O82*T82 -> 2514.335
C83: 65 | F83: 2013 | G83: 7 | H83: 24 | I83: 20 | J83: 42 | O83: 46157 | Q83: =O83*$Q$15 -> 2466.8923 | S83: =H83*24+I83+J84/60+K83/3600 -> 596.7 | T83: =Q15+(Q16-Q15)*(S83-S15)/(S16-S15) -> 0.057618016 | U83: =O83*T83 -> 2659.4748
C84: 66 | F84: 2013 | G84: 7 | H84: 24 | I84: 20 | J84: 42 | O84: 46096 | Q84: =O84*$Q$15 -> 2463.6322 | S84: =H84*24+I84+J85/60+K84/3600 -> 596.71667 | T84: =Q15+(Q16-Q15)*(S84-S15)/(S16-S15) -> 0.057655269 | U84: =O84*T84 -> 2657.6773
C85: 67 | F85: 2013 | G85: 7 | H85: 24 | I85: 20 | J85: 43 | O85: 52160 | Q85: =O85*$Q$15 -> 2787.7268 | S85: =H85*24+I85+J86/60+K85/3600 -> 596.73333 | T85: =Q$15+(Q$16-Q$15)*(S85-S$15)/(S$16-S$15) -> 0.057692522 | U85: =O85*T85 -> 3009.2419
C86: 68 | F86: 2013 | G86: 7 | H86: 24 | I86: 20 | J86: 44 | O86: 56598 | Q86: =O86*$Q$15 -> 3024.9187 | S86: =H86*24+I86+J87/60+K86/3600 -> 596.75 | T86: =Q$15+(Q$16-Q$15)*(S86-S$15)/(S$16-S$15) -> 0.057729775 | U86: =O86*T86 -> 3267.3898
C87: 69 | F87: 2013 | G87: 7 | H87: 24 | I87: 20 | J87: 45 | O87: 57946 | Q87: =O87*$Q$15 -> 3096.9635 | S87: =H87*24+I87+J88/60+K87/3600 -> 596.75 | T87: =Q$15+(Q$16-Q$15)*(S87-S$15)/(S$16-S$15) -> 0.057729775 | U87: =O87*T87 -> 3345.2095
C88: 70 | F88: 2013 | G88: 7 | H88: 24 | I88: 20 | J88: 45 | O88: 83379 | Q88: =O88*$Q$15 -> 4456.2475 | S88: =H88*24+I88+J89/60+K88/3600 -> 596.8 | T88: =Q$15+(Q$16-Q$15)*(S88-S$15)/(S$16-S$15) -> 0.057841534 | U88: =O88*T88 -> 4822.7692
C89: 71 | F89: 2013 | G89: 7 | H89: 24 | I89: 20 | J89: 48 | O89: 46102 | Q89: =O89*$Q$15 -> 2463.9528 | S89: =H89*24+I89+J90/60+K89/3600 -> 596.81667 | T89: =Q$15+(Q$16-Q$15)*(S89-S$15)/(S$16-S$15) -> 0.057878787 | U89: =O89*T89 -> 2668.3278
C90: 72 | F90: 2013 | G90: 7 | H90: 24 | I90: 20 | J90: 49 | O90: 63014 | Q90: =O90*$Q$15 -> 3367.8262 | S90: =H90*24+I90+J91/60+K90/3600 -> 596.81667 | T90: =Q$15+(Q$16-Q$15)*(S90-S$15)/(S$16-S$15) -> 0.057878787 | U90: =O90*T90 -> 3647.1739
C91: 73 | F91: 2013 | G91: 7 | H91: 24 | I91: 20 | J91: 49 | O91: 51678 | Q91: =O91*$Q$15 -> 2761.966 | S91: =H91*24+I91+J92/60+K91/3600 -> 596.83333 | T91: =Q$15+(Q$16-Q$15)*(S91-S$15)/(S$16-S$15) -> 0.05791604 | U91: =O91*T91 -> 2992.9851
C92: 74 | F92: 2013 | G92: 7 | H92: 24 | I92: 20 | J92: 50 | O92: 48366 | Q92: =O92*$Q$15 -> 2584.9539 | S92: =H92*24+I92+J93/60+K92/3600 -> 596.85 | T92: =Q$15+(Q$16-Q$15)*(S92-S$15)/(S$16-S$15) -> 0.057953293 | U92: =O92*T92 -> 2802.969
C93: 75 | F93: 2013 | G93: 7 | H93: 24 | I93: 20 | J93: 51 | O93: 54960 | Q93: =O93*$Q$15 -> 2937.3747 | S93: =H93*24+I93+J94/60+K93/3600 -> 596.86667 | T93: =Q$15+(Q$16-Q$15)*(S93-S$15)/(S$16-S$15) -> 0.057990546 | U93: =O93*T93 -> 3187.1604
C94: 76 | F94: 2013 | G94: 7 | H94: 24 | I94: 20 | J94: 52 | O94: 42952 | Q94: =O94*$Q$15 -> 2295.5989 | S94: =H94*24+I94+J95/60+K94/3600 -> 596.86667 | T94: =Q$15+(Q$16-Q$15)*(S94-S$15)/(S$16-S$15) -> 0.057990546 | U94: =O94*T94 -> 2490.8099
C95: 77 | F95: 2013 | G95: 7 | H95: 24 | I95: 20 | J95: 52 | O95: 44339 | Q95: =O95*$Q$15 -> 2369.7281 | S95: =H95*24+I95+J96/60+K95/3600 -> 596.88333 | T95: =Q$15+(Q$16-Q$15)*(S95-S$15)/(S$16-S$15) -> 0.058027799 | U95: =O95*T95 -> 2572.8946
C96: 78 | F96: 2013 | G96: 7 | H96: 24 | I96: 20 | J96: 53 | O96: 44182 | Q96: =O96*$Q$15 -> 2361.3371 | S96: =H96*24+I96+J97/60+K96/3600 -> 596.9 | T96: =Q$15+(Q$16-Q$15)*(S96-S$15)/(S$16-S$15) -> 0.058065052 | U96: =O96*T96 -> 2565.4301
... C102: 84 | F102: 2013 | G102: 7 | H102: 24 | I102: 20 | J102: 58 | O102: 21686 | Q102: =O102*$Q$15 -> 1159.0231 | S102: =H102*24+I102+J103/60+K102/3600 -> 596 | T102: =Q$15+(Q$16-Q$15)*(S102-S$15)/(S$16-S$15) -> 0.056053391 | U102: =O102*T102 -> 1215.5738

Sheet 7-29-13 Final #2
B1: 区・条件 | C1: STD ppm | F1: year | G1: month | H1: day | I1: hh | J1: mm | K1: ss | L1: sample number | M1: CO2rt | N1: CO2hi | O1: CO2area | P1: 右は計算領域 | Q1: CO2(ppm)初期標準 | R1: ドリフト時計算 | S1: 絶対時間（ｈ） | T1: ドリフトstd factor | U1: CO2(ppm)
C2: CO2 0.9047% | D2: sample前 | F2: 2013 | G2: 7 | H2: 29 | I2: 11 | J2: 27 | O2: 174986 | S2: =H2*24+I2+J2/60+K2/3600 -> 707.45
B3: CO２ | C3: CO2 0.9047% | D3: sample前 | F3: 2013 | G3: 7 | H3: 29 | I3: 11 | J3: 28 | O3: 177562 | S3: =H3*24+I3+J3/60+K3/3600 -> 707.46667
B4: 9047 | C4: CO2 0.9047% | D4: sample前 | F4: 2013 | G4: 7 | H4: 29 | I4: 11 | J4: 28 | O4: 174275 | S4: =H4*24+I4+J4/60+K4/3600 -> 707.46667
C5: CO2 0.9047% | D5: sample前 | F5: 2013 | G5: 7 | H5: 29 | I5: 11 | J5: 29 | O5: 176619 | S5: =H5*24+I5+J5/60+K5/3600 -> 707.48333
C7: CO2 0.9047% | D7: sample後 | F7: 2013 | G7: 7 | H7: 29 | I7: 14 | J7: 10 | O7: 170243 | S7: =H7*24+I7+J7/60+K7/3600 -> 710.16667
C8: CO2 0.9047% | D8: sample後 | F8: 2013 | G8: 7 | H8: 29 | I8: 14 | J8: 11 | O8: 168307 | S8: =H8*24+I8+J8/60+K8/3600 -> 710.18333
C9: CO2 0.9047% | D9: sample後 | F9: 2013 | G9: 7 | H9: 29 | I9: 14 | J9: 12 | O9: 173875 | S9: =H9*24+I9+J9/60+K9/3600 -> 710.2
C10: CO2 0.9047% | D10: sample後 | F10: 2013 | G10: 7 | H10: 29 | I10: 14 | J10: 12 | O10: 175776 | S10: =H10*24+I10+J10/60+K10/3600 -> 710.2
B14: 標準パラメータ | Q14: factor
C15: CO2濃度 | D15: CO2 | F15: 9047 | G15: ppm | H15: 前 | M15: =AVERAGE(M2:M6) -> #DIV/0! | N15: =AVERAGE(N2:N6) -> #DIV/0! | O15: =AVERAGE(O2:O6) -> 175860.5 | Q15: =F15/O15 -> 0.051444184 | S15: =AVERAGE(S2:S6) -> 707.46667
H16: 後 | M16: =AVERAGE(M7:M11) -> #DIV/0! | N16: =AVERAGE(N7:N11) -> #DIV/0! | O16: =AVERAGE(O7:O11) -> 172050.25 | Q16: =F15/O16 -> 0.052583475 | S16: =AVERAGE(S7:S11) -> 710.1875
Q18: 初期std利用 | U18: ドリフト補正有
B19: 15 deg | C19: 1 | F19: 2013 | G19: 7 | H19: 29 | I19: 13 | J19: 21 | O19: 176258 | Q19: =O19*$Q$15 -> 9067.4491 | S19: =H19*24+I19+J19/60+K19/3600 -> 709.35 | T19: =Q15+(Q16-Q15)*(S19-S15)/(S16-S15) -> 0.05223279 | U19: =O19*T19 -> 9206.4471
C20: 2 | F20: 2013 | G20: 7 | H20: 29 | I20: 13 | J20: 22 | O20: 178963 | Q20: =O20*$Q$15 -> 9206.6056 | S20: =H20*24+I20+J20/60+K20/3600 -> 709.36667 | T20: =Q15+(Q16-Q15)*(S20-S15)/(S16-S15) -> 0.052239769 | U20: =O20*T20 -> 9348.9857
C21: 3 | F21: 2013 | G21: 7 | H21: 29 | I21: 13 | J21: 23 | O21: 152534 | Q21: =O21*$Q$15 -> 7846.9872 | S21: =H21*24+I21+J21/60+K21/3600 -> 709.38333 | T21: =Q15+(Q16-Q15)*(S21-S15)/(S16-S15) -> 0.052246747 | U21: =O21*T21 -> 7969.4054
C22: 4 | F22: 2013 | G22: 7 | H22: 29 | I22: 13 | J22: 24 | O22: 162445 | Q22: =O22*$Q$15 -> 8356.8505 | S22: =H22*24+I22+J22/60+K22/3600 -> 709.4 | T22: =Q15+(Q16-Q15)*(S22-S15)/(S16-S15) -> 0.052253726 | U22: =O22*T22 -> 8488.3566
C23: 5 | F23: 2013 | G23: 7 | H23: 29 | I23: 13 | J23: 25 | O23: 177594 | Q23: =O23*$Q$15 -> 9136.1785 | S23: =H23*24+I23+J23/60+K23/3600 -> 709.41667 | T23: =Q15+(Q16-Q15)*(S23-S15)/(S16-S15) -> 0.052260705 | U23: =O23*T23 -> 9281.1876
C24: 6 | F24: 2013 | G24: 7 | H24: 29 | I24: 13 | J24: 26 | O24: 105960 | Q24: =O24*$Q$15 -> 5451.0258 | S24: =H24*24+I24+J24/60+K24/3600 -> 709.43333 | T24: =Q15+(Q16-Q15)*(S24-S15)/(S16-S15) -> 0.052267684 | U24: =O24*T24 -> 5538.2838
C25: 7 | F25: 2013 | G25: 7 | H25: 29 | I25: 13 | J25: 27 | O25: 125338 | Q25: =O25*$Q$15 -> 6447.9112 | S25: =H25*24+I25+J25/60+K25/3600 -> 709.45 | T25: =Q15+(Q16-Q15)*(S25-S15)/(S16-S15) -> 0.052274663 | U25: =O25*T25 -> 6552.0017
C26: 8 | F26: 2013 | G26: 7 | H26: 29 | I26: 13 | J26: 28 | O26: 119882 | Q26: =O26*$Q$15 -> 6167.2317 | S26: =H26*24+I26+J26/60+K26/3600 -> 709.46667 | T26: =Q15+(Q16-Q15)*(S26-S15)/(S16-S15) -> 0.052281641 | U26: =O26*T26 -> 6267.6277
C27: 9 | F27: 2013 | G27: 7 | H27: 29 | I27: 13 | J27: 29 | O27: 139987 | Q27: =O27*$Q$15 -> 7201.517 | S27: =H27*24+I27+J27/60+K27/3600 -> 709.48333 | T27: =Q15+(Q16-Q15)*(S27-S15)/(S16-S15) -> 0.05228862 | U27: =O27*T27 -> 7319.7271
C28: 10 | F28: 2013 | G28: 7 | H28: 29 | I28: 13 | J28: 30 | O28: 151595 | Q28: =O28*$Q$15 -> 7798.6811 | S28: =H28*24+I28+J28/60+K28/3600 -> 709.5 | T28: =Q15+(Q16-Q15)*(S28-S15)/(S16-S15) -> 0.052295599 | U28: =O28*T28 -> 7927.7513
C29: 12 | F29: 2013 | G29: 7 | H29: 29 | I29: 13 | J29: 35 | O29: 59602 | Q29: =O29*$Q$15 -> 3066.1763 | S29: =H29*24+I29+J29/60+K29/3600 -> 709.58333 | T29: =Q15+(Q16-Q15)*(S29-S15)/(S16-S15) -> 0.052330493 | U29: =O29*T29 -> 3119.002
C30: 13 | F30: 2013 | G30: 7 | H30: 29 | I30: 13 | J30: 34 | O30: 46666 | Q30: =O30*$Q$15 -> 2400.6943 | S30: =H30*24+I30+J30/60+K30/3600 -> 709.56667 | T30: =Q15+(Q16-Q15)*(S30-S15)/(S16-S15) -> 0.052323514 | U30: =O30*T30 -> 2441.7291
C31: 14 | F31: 2013 | G31: 7 | H31: 29 | I31: 13 | J31: 37 | O31: 52077 | Q31: =O31*$Q$15 -> 2679.0588 | S31: =H31*24+I31+J31/60+K31/3600 -> 709.61667 | T31: =Q15+(Q16-Q15)*(S31-S15)/(S16-S15) -> 0.052344451 | U31: =O31*T31 -> 2725.942
C32: 85 | F32: 2013 | G32: 7 | H32: 29 | I32: 13 | J32: 38 | O32: 11176 | Q32: =O32*$Q$15 -> 574.94021 | S32: =H32*24+I32+J32/60+K32/3600 -> 709.63333 | T32: =Q15+(Q16-Q15)*(S32-S15)/(S16-S15) -> 0.05235143 | U32: =O32*T32 -> 585.07958
C33: 15 | F33: 2013 | G33: 7 | H33: 29 | I33: 13 | J33: 40 | O33: 392928 | Q33: =O33*$Q$15 -> 20213.861 | S33: =H33*24+I33+J33/60+K33/3600 -> 709.66667 | T33: =Q15+(Q16-Q15)*(S33-S15)/(S16-S15) -> 0.052365387 | U33: =O33*T33 -> 20575.827
C34: 16 | F34: 2013 | G34: 7 | H34: 29 | I34: 13 | J34: 41 | O34: 367312 | Q34: =O34*$Q$15 -> 18896.066 | S34: =H34*24+I34+J34/60+K34/3600 -> 709.68333 | T34: =Q15+(Q16-Q15)*(S34-S15)/(S16-S15) -> 0.052372366 | U34: =O34*T34 -> 19236.998
C35: 17 | F35: 2013 | G35: 7 | H35: 29 | I35: 13 | J35: 42 | O35: 365349 | Q35: =O35*$Q$15 -> 18795.081 | S35: =H35*24+I35+J35/60+K35/3600 -> 709.7 | T35: =Q15+(Q16-Q15)*(S35-S15)/(S16-S15) -> 0.052379345 | U35: =O35*T35 -> 19136.741
C36: 18 | F36: 2013 | G36: 7 | H36: 29 | I36: 13 | J36: 43 | O36: 427415 | Q36: =O36*$Q$15 -> 21988.016 | S36: =H36*24+I36+J36/60+K36/3600 -> 709.71667 | T36: =Q15+(Q16-Q15)*(S36-S15)/(S16-S15) -> 0.052386324 | U36: =O36*T36 -> 22390.7
C37: 19 | F37: 2013 | G37: 7 | H37: 29 | I37: 13 | J37: 44 | O37: 416714 | Q37: =O37*$Q$15 -> 21437.512 | S37: =H37*24+I37+J37/60+K37/3600 -> 709.73333 | T37: =Q15+(Q16-Q15)*(S37-S15)/(S16-S15) -> 0.052393302 | U37: =O37*T37 -> 21833.023
C38: 20 | F38: 2013 | G38: 7 | H38: 29 | I38: 13 | J38: 45 | O38: 143011 | Q38: =O38*$Q$15 -> 7357.0843 | S38: =H38*24+I38+J38/60+K38/3600 -> 709.75 | T38: =Q15+(Q16-Q15)*(S38-S15)/(S16-S15) -> 0.052400281 | U38: =O38*T38 -> 7493.8166
C39: 21 | F39: 2013 | G39: 7 | H39: 29 | I39: 13 | J39: 46 | O39: 135389 | Q39: =O39*$Q$15 -> 6964.9767 | S39: =H39*24+I39+J39/60+K39/3600 -> 709.76667 | T39: =Q15+(Q16-Q15)*(S39-S15)/(S16-S15) -> 0.05240726 | U39: =O39*T39 -> 7095.3665
C40: 22 | F40: 2013 | G40: 7 | H40: 29 | I40: 13 | J40: 47 | O40: 120394 | Q40: =O40*$Q$15 -> 6193.5711 | S40: =H40*24+I40+J40/60+K40/3600 -> 709.78333 | T40: =Q15+(Q16-Q15)*(S40-S15)/(S16-S15) -> 0.052414239 | U40: =O40*T40 -> 6310.3599
C41: 23 | F41: 2013 | G41: 7 | H41: 29 | I41: 13 | J41: 50 | O41: 120058 | Q41: =O41*$Q$15 -> 6176.2859 | S41: =H41*24+I41+J41/60+K41/3600 -> 709.83333 | T41: =Q15+(Q16-Q15)*(S41-S15)/(S16-S15) -> 0.052435175 | U41: =O41*T41 -> 6295.2623
C42: 24 | F42: 2013 | G42: 7 | H42: 29 | I42: 13 | J42: 49 | O42: 130358 | Q42: =O42*$Q$15 -> 6706.161 | S42: =H42*24+I42+J42/60+K42/3600 -> 709.81667 | T42: =Q15+(Q16-Q15)*(S42-S15)/(S16-S15) -> 0.052428196 | U42: =O42*T42 -> 6834.4348
C43: 25 | F43: 2013 | G43: 7 | H43: 29 | I43: 13 | J43: 51 | O43: 189882 | Q43: =O43*$Q$15 -> 9768.3246 | S43: =H43*24+I43+J43/60+K43/3600 -> 709.85 | T43: =Q15+(Q16-Q15)*(S43-S15)/(S16-S15) -> 0.052442154 | U43: =O43*T43 -> 9957.8211
C44: 26 | F44: 2013 | G44: 7 | H44: 29 | I44: 13 | J44: 52 | O44: 170608 | Q44: =O44*$Q$15 -> 8776.7894 | S44: =H44*24+I44+J44/60+K44/3600 -> 709.86667 | T44: =Q15+(Q16-Q15)*(S44-S15)/(S16-S15) -> 0.052449133 | U44: =O44*T44 -> 8948.2417
C45: 27 | F45: 2013 | G45: 7 | H45: 29 | I45: 13 | J45: 53 | O45: 190046 | Q45: =O45*$Q$15 -> 9776.7615 | S45: =H45*24+I45+J45/60+K45/3600 -> 709.88333 | T45: =Q15+(Q16-Q15)*(S45-S15)/(S16-S15) -> 0.052456112 | U45: =O45*T45 -> 9969.0742
C46: 28 | F46: 2013 | G46: 7 | H46: 29 | I46: 13 | J46: 53 | O46: 339434 | Q46: =O46*$Q$15 -> 17461.905 | S46: =H46*24+I46+J46/60+K46/3600 -> 709.88333 | T46: =Q15+(Q16-Q15)*(S46-S15)/(S16-S15) -> 0.052456112 | U46: =O46*T46 -> 17805.388
C47: 29 | F47: 2013 | G47: 7 | H47: 29 | I47: 13 | J47: 54 | O47: 423311 | Q47: =O47*$Q$15 -> 21776.889 | S47: =H47*24+I47+J47/60+K47/3600 -> 709.9 | T47: =Q15+(Q16-Q15)*(S47-S15)/(S16-S15) -> 0.05246309 | U47: =O47*T47 -> 22208.203
C48: 30 | F48: 2013 | G48: 7 | H48: 29 | I48: 13 | J48: 57 | O48: 405878 | Q48: =O48*$Q$15 -> 20880.063 | S48: =H48*24+I48+J48/60+K48/3600 -> 709.95 | T48: =Q15+(Q16-Q15)*(S48-S15)/(S16-S15) -> 0.052484027 | U48: =O48*T48 -> 21302.112
C49: 31 | F49: 2013 | G49: 7 | H49: 29 | I49: 13 | J49: 58 | O49: 361046 | Q49: =O49*$Q$15 -> 18573.717 | S49: =H49*24+I49+J49/60+K49/3600 -> 709.96667 | T49: =Q15+(Q16-Q15)*(S49-S15)/(S16-S15) -> 0.052491006 | U49: =O49*T49 -> 18951.668
C50: 32 | F50: 2013 | G50: 7 | H50: 29 | I50: 13 | J50: 58 | O50: 343702 | Q50: =O50*$Q$15 -> 17681.469 | S50: =H50*24+I50+J50/60+K50/3600 -> 709.96667 | T50: =Q15+(Q16-Q15)*(S50-S15)/(S16-S15) -> 0.052491006 | U50: =O50*T50 -> 18041.264
C51: 33 | F51: 2013 | G51: 7 | H51: 29 | I51: 13 | J51: 59 | O51: 354538 | Q51: =O51*$Q$15 -> 18238.918 | S51: =H51*24+I51+J51/60+K51/3600 -> 709.98333 | T51: =Q15+(Q16-Q15)*(S51-S15)/(S16-S15) -> 0.052497984 | U51: =O51*T51 -> 18612.53
C52: 34 | F52: 2013 | G52: 7 | H52: 29 | I52: 14 | J52: 0 | O52: 115629 | Q52: =O52*$Q$15 -> 5948.4396 | S52: =H52*24+I52+J52/60+K52/3600 -> 710 | T52: =Q15+(Q16-Q15)*(S52-S15)/(S16-S15) -> 0.052504963 | U52: =O52*T52 -> 6071.0964
C53: 35 | F53: 2013 | G53: 7 | H53: 29 | I53: 14 | J53: 1 | O53: 113395 | Q53: =O53*$Q$15 -> 5833.5133 | S53: =H53*24+I53+J53/60+K53/3600 -> 710.01667 | T53: =Q15+(Q16-Q15)*(S53-S15)/(S16-S15) -> 0.052511942 | U53: =O53*T53 -> 5954.5917
C54: 36 | F54: 2013 | G54: 7 | H54: 29 | I54: 14 | J54: 2 | K54: 0 | O54: 123315 | Q54: =O54*$Q$15 -> 6343.8396 | S54: =H54*24+I54+J54/60+K54/3600 -> 710.03333 | T54: =Q15+(Q16-Q15)*(S54-S15)/(S16-S15) -> 0.052518921 | U54: =O54*T54 -> 6476.3707
C55: 37 | F55: 2013 | G55: 7 | H55: 29 | I55: 14 | J55: 3 | O55: 123360 | Q55: =O55*$Q$15 -> 6346.1546 | S55: =H55*24+I55+J55/60+K55/3600 -> 710.05 | T55: =Q15+(Q16-Q15)*(S55-S15)/(S16-S15) -> 0.0525259 | U55: =O55*T55 -> 6479.595
C56: 38 | F56: 2013 | G56: 7 | H56: 29 | I56: 14 | J56: 4 | O56: 124131 | Q56: =O56*$Q$15 -> 6385.8181 | S56: =H56*24+I56+J56/60+K56/3600 -> 710.06667 | T56: =Q15+(Q16-Q15)*(S56-S15)/(S16-S15) -> 0.052532879 | U56: =O56*T56 -> 6520.9587
C57: 39 | F57: 2013 | G57: 7 | H57: 29 | I57: 14 | J57: 5 | O57: 288360 | Q57: =O57*$Q$15 -> 14834.445 | S57: =H57*24+I57+J57/60+K57/3600 -> 710.08333 | T57: =Q15+(Q16-Q15)*(S57-S15)/(S16-S15) -> 0.052539857 | U57: =O57*T57 -> 15150.393
C58: 40 | F58: 2013 | G58: 7 | H58: 29 | I58: 14 | J58: 6 | O58: 244061 | Q58: =O58*$Q$15 -> 12555.519 | S58: =H58*24+I58+J58/60+K58/3600 -> 710.1 | T58: =Q15+(Q16-Q15)*(S58-S15)/(S16-S15) -> 0.052546836 | U58: =O58*T58 -> 12824.633
C59: 41 | F59: 2013 | G59: 7 | H59: 29 | I59: 14 | J59: 7 | O59: 221514 | Q59: =O59*$Q$15 -> 11395.607 | S59: =H59*24+I59+J59/60+K59/3600 -> 710.11667 | T59: =Q15+(Q16-Q15)*(S59-S15)/(S16-S15) -> 0.052553815 | U59: =O59*T59 -> 11641.406
C60: 42 | F60: 2013 | G60: 7 | H60: 29 | I60: 14 | J60: 8 | O60: 356304 | Q60: =O60*$Q$15 -> 18329.769 | S60: =H60*24+I60+J60/60+K60/3600 -> 710.13333 | T60: =Q15+(Q16-Q15)*(S60-S15)/(S16-S15) -> 0.052560794 | U60: =O60*T60 -> 18727.621
B61: 25 deg | C61: 43 | F61: 2013 | G61: 7 | H61: 29 | I61: 11 | J61: 30 | O61: 242634 | Q61: =O61*$Q$15 -> 12482.108 | S61: =H61*24+I61+J61/60+K61/3600 -> 707.5 | T61: =Q15+(Q16-Q15)*(S61-S15)/(S16-S15) -> 0.051458142 | U61: =O61*T61 -> 12485.495
C62: 44 | F62: 2013 | G62: 7 | H62: 29 | I62: 11 | J62: 31 | O62: 222502 | Q62: =O62*$Q$15 -> 11446.434 | S62: =H62*24+I62+J62/60+K62/3600 -> 707.51667 | T62: =Q15+(Q16-Q15)*(S62-S15)/(S16-S15) -> 0.051465121 | U62: =O62*T62 -> 11451.092
C63: 45 | F63: 2013 | G63: 7 | H63: 29 | I63: 11 | J63: 32 | O63: 216787 | Q63: =O63*$Q$15 -> 11152.43 | S63: =H63*24+I63+J63/60+K63/3600 -> 707.53333 | T63: =Q15+(Q16-Q15)*(S63-S15)/(S16-S15) -> 0.0514721 | U63: =O63*T63 -> 11158.482
C64: 46 | F64: 2013 | G64: 7 | H64: 29 | I64: 11 | J64: 33 | O64: 202410 | Q64: =O64*$Q$15 -> 10412.817 | S64: =H64*24+I64+J64/60+K64/3600 -> 707.55 | T64: =Q15+(Q16-Q15)*(S64-S15)/(S16-S15) -> 0.051479078 | U64: =O64*T64 -> 10419.88
C65: 47 | F65: 2013 | G65: 7 | H65: 29 | I65: 11 | J65: 34 | O65: 202589 | Q65: =O65*$Q$15 -> 10422.026 | S65: =H65*24+I65+J65/60+K65/3600 -> 707.56667 | T65: =Q15+(Q16-Q15)*(S65-S15)/(S16-S15) -> 0.051486057 | U65: =O65*T65 -> 10430.509
C66: 48 | F66: 2013 | G66: 7 | H66: 29 | I66: 11 | J66: 35 | O66: 69293 | Q66: =O66*$Q$15 -> 3564.7219 | S66: =H66*24+I66+J66/60+K66/3600 -> 707.58333 | T66: =Q15+(Q16-Q15)*(S66-S15)/(S16-S15) -> 0.051493036 | U66: =O66*T66 -> 3568.107
C67: 49 | F67: 2013 | G67: 7 | H67: 29 | I67: 11 | J67: 36 | O67: 118598 | Q67: =O67*$Q$15 -> 6101.1774 | S67: =H67*24+I67+J67/60+K67/3600 -> 707.6 | T67: =Q15+(Q16-Q15)*(S67-S15)/(S16-S15) -> 0.051500015 | U67: =O67*T67 -> 6107.7988
C68: 50 | F68: 2013 | G68: 7 | H68: 29 | I68: 11 | J68: 37 | O68: 56683 | Q68: =O68*$Q$15 -> 2916.0107 | S68: =H68*24+I68+J68/60+K68/3600 -> 707.61667 | T68: =Q15+(Q16-Q15)*(S68-S15)/(S16-S15) -> 0.051506994 | U68: =O68*T68 -> 2919.5709
C69: 51 | F69: 2013 | G69: 7 | H69: 29 | I69: 11 | J69: 38 | O69: 58408 | Q69: =O69*$Q$15 -> 3004.7519 | S69: =H69*24+I69+J69/60+K69/3600 -> 707.63333 | T69: =Q15+(Q16-Q15)*(S69-S15)/(S16-S15) -> 0.051513973 | U69: =O69*T69 -> 3008.8281
C70: 52 | F70: 2013 | G70: 7 | H70: 29 | I70: 11 | J70: 39 | O70: 57424 | Q70: =O70*$Q$15 -> 2954.1308 | S70: =H70*24+I70+J70/60+K70/3600 -> 707.65 | T70: =Q15+(Q16-Q15)*(S70-S15)/(S16-S15) -> 0.051520951 | U70: =O70*T70 -> 2958.5391
C71: 53 | F71: 2013 | G71: 7 | H71: 29 | I71: 11 | J71: 40 | O71: 113907 | Q71: =O71*$Q$15 -> 5859.8527 | S71: =H71*24+I71+J71/60+K71/3600 -> 707.66667 | T71: =Q15+(Q16-Q15)*(S71-S15)/(S16-S15) -> 0.05152793 | U71: =O71*T71 -> 5869.3919
C72: 54 | F72: 2013 | G72: 7 | H72: 29 | I72: 11 | J72: 41 | O72: 124842 | Q72: =O72*$Q$15 -> 6422.3949 | S72: =H72*24+I72+J72/60+K72/3600 -> 707.68333 | T72: =Q15+(Q16-Q15)*(S72-S15)/(S16-S15) -> 0.051534909 | U72: =O72*T72 -> 6433.7211
C73: 55 | F73: 2013 | G73: 7 | H73: 29 | I73: 11 | J73: 42 | O73: 100778 | Q73: =O73*$Q$15 -> 5184.442 | S73: =H73*24+I73+J73/60+K73/3600 -> 707.7 | T73: =Q15+(Q16-Q15)*(S73-S15)/(S16-S15) -> 0.051541888 | U73: =O73*T73 -> 5194.2884
C74: 56 | F74: 2013 | G74: 7 | H74: 29 | I74: 11 | J74: 43 | O74: 100678 | Q74: =O74*$Q$15 -> 5179.2976 | S74: =H74*24+I74+J74/60+K74/3600 -> 707.71667 | T74: =Q15+(Q16-Q15)*(S74-S15)/(S16-S15) -> 0.051548867 | U74: =O74*T74 -> 5189.8368
C75: 57 | F75: 2013 | G75: 7 | H75: 29 | I75: 11 | J75: 44 | O75: 822818 | Q75: =O75*$Q$15 -> 42329.201 | S75: =H75*24+I75+J75/60+K75/3600 -> 707.73333 | T75: =Q15+(Q16-Q15)*(S75-S15)/(S16-S15) -> 0.051555845 | U75: =O75*T75 -> 42421.078
C76: 58 | F76: 2013 | G76: 7 | H76: 29 | I76: 11 | J76: 47 | O76: 800400 | Q76: =O76*$Q$15 -> 41175.925 | S76: =H76*24+I76+J76/60+K76/3600 -> 707.78333 | T76: =Q15+(Q16-Q15)*(S76-S15)/(S16-S15) -> 0.051576782 | U76: =O76*T76 -> 41282.056
C77: 59 | F77: 2013 | G77: 7 | H77: 29 | I77: 11 | J77: 46 | O77: 798120 | Q77: =O77*$Q$15 -> 41058.632 | S77: =H77*24+I77+J77/60+K77/3600 -> 707.76667 | T77: =Q15+(Q16-Q15)*(S77-S15)/(S16-S15) -> 0.051569803 | U77: =O77*T77 -> 41158.891
C78: 60 | F78: 2013 | G78: 7 | H78: 29 | I78: 11 | J78: 48 | O78: 755922 | Q78: =O78*$Q$15 -> 38887.791 | S78: =H78*24+I78+J78/60+K78/3600 -> 707.8 | T78: =Q15+(Q16-Q15)*(S78-S15)/(S16-S15) -> 0.051583761 | U78: =O78*T78 -> 38993.299
C79: 61 | F79: 2013 | G79: 7 | H79: 29 | I79: 11 | J79: 49 | O79: 874419 | Q79: =O79*$Q$15 -> 44983.772 | S79: =H79*24+I79+J79/60+K79/3600 -> 707.81667 | T79: =Q15+(Q16-Q15)*(S79-S15)/(S16-S15) -> 0.051590739 | U79: =O79*T79 -> 45111.923
C80: 62 | F80: 2013 | G80: 7 | H80: 29 | I80: 11 | J80: 51 | O80: 300042 | Q80: =O80*$Q$15 -> 15435.416 | S80: =H80*24+I80+J80/60+K80/3600 -> 707.85 | T80: =Q15+(Q16-Q15)*(S80-S15)/(S16-S15) -> 0.051604697 | U80: =O80*T80 -> 15483.577
C81: 63 | F81: 2013 | G81: 7 | H81: 29 | I81: 11 | J81: 52 | O81: 325338 | Q81: =O81*$Q$15 -> 16736.748 | S81: =H81*24+I81+J81/60+K81/3600 -> 707.86667 | T81: =Q15+(Q16-Q15)*(S81-S15)/(S16-S15) -> 0.051611676 | U81: =O81*T81 -> 16791.239
C82: 64 | F82: 2013 | G82: 7 | H82: 29 | I82: 11 | J82: 53 | O82: 285638 | Q82: =O82*$Q$15 -> 14694.414 | S82: =H82*24+I82+J82/60+K82/3600 -> 707.88333 | T82: =Q15+(Q16-Q15)*(S82-S15)/(S16-S15) -> 0.051618655 | U82: =O82*T82 -> 14744.249
C83: 65 | F83: 2013 | G83: 7 | H83: 29 | I83: 11 | J83: 55 | O83: 377462 | Q83: =O83*$Q$15 -> 19418.225 | S83: =H83*24+I83+J83/60+K83/3600 -> 707.91667 | T83: =Q15+(Q16-Q15)*(S83-S15)/(S16-S15) -> 0.051632612 | U83: =O83*T83 -> 19489.349
C84: 66 | F84: 2013 | G84: 7 | H84: 29 | I84: 11 | J84: 56 | O84: 367682 | Q84: =O84*$Q$15 -> 18915.101 | S84: =H84*24+I84+J84/60+K84/3600 -> 707.93333 | T84: =Q15+(Q16-Q15)*(S84-S15)/(S16-S15) -> 0.051639591 | U84: =O84*T84 -> 18986.948
C85: 67 | F85: 2013 | G85: 7 | H85: 29 | I85: 11 | J85: 59 | O85: 455754 | Q85: =O85*$Q$15 -> 23445.893 | S85: =H85*24+I85+J85/60+K85/3600 -> 707.98333 | T85: =Q$15+(Q$16-Q$15)*(S85-S$15)/(S$16-S$15) -> 0.051660528 | U85: =O85*T85 -> 23544.492
C86: 68 | F86: 2013 | G86: 7 | H86: 29 | I86: 12 | J86: 0 | O86: 478554 | Q86: =O86*$Q$15 -> 24618.82 | S86: =H86*24+I86+J86/60+K86/3600 -> 708 | T86: =Q$15+(Q$16-Q$15)*(S86-S$15)/(S$16-S$15) -> 0.051667506 | U86: =O86*T86 -> 24725.692
C87: 69 | F87: 2013 | G87: 7 | H87: 29 | I87: 12 | J87: 1 | O87: 471643 | Q87: =O87*$Q$15 -> 24263.289 | S87: =H87*24+I87+J87/60+K87/3600 -> 708.01667 | T87: =Q$15+(Q$16-Q$15)*(S87-S$15)/(S$16-S$15) -> 0.051674485 | U87: =O87*T87 -> 24371.909
C88: 70 | F88: 2013 | G88: 7 | H88: 29 | I88: 12 | J88: 3 | O88: 540368 | Q88: =O88*$Q$15 -> 27798.791 | S88: =H88*24+I88+J88/60+K88/3600 -> 708.05 | T88: =Q$15+(Q$16-Q$15)*(S88-S$15)/(S$16-S$15) -> 0.051688443 | U88: =O88*T88 -> 27930.78
C89: 71 | F89: 2013 | G89: 7 | H89: 29 | I89: 12 | J89: 11 | O89: 912163 | Q89: =O89*$Q$15 -> 46925.482 | S89: =H89*24+I89+J89/60+K89/3600 -> 708.18333 | T89: =Q$15+(Q$16-Q$15)*(S89-S$15)/(S$16-S$15) -> 0.051744273 | U89: =O89*T89 -> 47199.211
C90: 72 | F90: 2013 | G90: 7 | H90: 29 | I90: 12 | J90: 12 | O90: 891805 | Q90: =O90*$Q$15 -> 45878.181 | S90: =H90*24+I90+J90/60+K90/3600 -> 708.2 | T90: =Q$15+(Q$16-Q$15)*(S90-S$15)/(S$16-S$15) -> 0.051751252 | U90: =O90*T90 -> 46152.025
C91: 73 | F91: 2013 | G91: 7 | H91: 29 | I91: 12 | J91: 13 | O91: 810755 | Q91: =O91*$Q$15 -> 41708.63 | S91: =H91*24+I91+J91/60+K91/3600 -> 708.21667 | T91: =Q$15+(Q$16-Q$15)*(S91-S$15)/(S$16-S$15) -> 0.051758231 | U91: =O91*T91 -> 41963.244
C92: 74 | F92: 2013 | G92: 7 | H92: 29 | I92: 12 | J92: 14 | O92: 880528 | Q92: =O92*$Q$15 -> 45298.045 | S92: =H92*24+I92+J92/60+K92/3600 -> 708.23333 | T92: =Q$15+(Q$16-Q$15)*(S92-S$15)/(S$16-S$15) -> 0.05176521 | U92: =O92*T92 -> 45580.717
C93: 75 | F93: 2013 | G93: 7 | H93: 29 | I93: 12 | J93: 15 | O93: 855130 | Q93: =O93*$Q$15 -> 43991.465 | S93: =H93*24+I93+J93/60+K93/3600 -> 708.25 | T93: =Q$15+(Q$16-Q$15)*(S93-S$15)/(S$16-S$15) -> 0.051772188 | U93: =O93*T93 -> 44271.951
C94: 76 | F94: 2013 | G94: 7 | H94: 29 | I94: 12 | J94: 18 | O94: 290691 | Q94: =O94*$Q$15 -> 14954.361 | S94: =H94*24+I94+J94/60+K94/3600 -> 708.3 | T94: =Q$15+(Q$16-Q$15)*(S94-S$15)/(S$16-S$15) -> 0.051793125 | U94: =O94*T94 -> 15055.795
C95: 77 | F95: 2013 | G95: 7 | H95: 29 | I95: 12 | J95: 17 | O95: 292829 | Q95: =O95*$Q$15 -> 15064.349 | S95: =H95*24+I95+J95/60+K95/3600 -> 708.28333 | T95: =Q$15+(Q$16-Q$15)*(S95-S$15)/(S$16-S$15) -> 0.051786146 | U95: =O95*T95 -> 15164.485
C96: 78 | F96: 2013 | G96: 7 | H96: 29 | I96: 12 | J96: 18 | O96: 282533 | Q96: =O96*$Q$15 -> 14534.68 | S96: =H96*24+I96+J96/60+K96/3600 -> 708.3 | T96: =Q$15+(Q$16-Q$15)*(S96-S$15)/(S$16-S$15) -> 0.051793125 | U96: =O96*T96 -> 14633.267
... C102: 84 | F102: 2013 | G102: 7 | H102: 29 | I102: 12 | J102: 26 | O102: 166282 | Q102: =O102*$Q$15 -> 8554.2419 | S102: =H102*24+I102+J102/60+K102/3600 -> 708.43333 | T102: =Q$15+(Q$16-Q$15)*(S102-S$15)/(S$16-S$15) -> 0.051848955 | U102: =O102*T102 -> 8621.548

Sheet 7-30-13 Initial + cap
B1: 区・条件 | C1: STD ppm | F1: year | G1: month | H1: day | I1: hh | J1: mm | K1: ss | L1: sample number | M1: CO2rt | N1: CO2hi | O1: CO2area | P1: 右は計算領域 | Q1: CO2(ppm)初期標準 | R1: ドリフト時計算 | S1: 絶対時間（ｈ） | T1: ドリフトstd factor | U1: CO2(ppm)
C2: CO2 0.9047% | D2: sample前 | F2: 2013 | G2: 7 | H2: 30 | I2: 13 | J2: 5 | O2: 167766 | S2: =H2*24+I2+J2/60+K2/3600 -> 733.08333
B3: CO２ | C3: CO2 0.9047% | D3: sample前 | F3: 2013 | G3: 7 | H3: 30 | I3: 13 | J3: 6 | O3: 172286 | S3: =H3*24+I3+J3/60+K3/3600 -> 733.1
B4: 9047 | C4: CO2 0.9047% | D4: sample前 | F4: 2013 | G4: 7 | H4: 30 | I4: 13 | J4: 7 | O4: 168659 | S4: =H4*24+I4+J4/60+K4/3600 -> 733.11667
C5: CO2 0.9047% | D5: sample前 | F5: 2013 | G5: 7 | H5: 30 | I5: 13 | J5: 8 | O5: 166397 | S5: =H5*24+I5+J5/60+K5/3600 -> 733.13333
F6: 2013 | G6: 7 | H6: 30 | I6: 13 | J6: 8 | O6: 166445 | S6: =H6*24+I6+J6/60+K6/3600 -> 733.13333
C7: CO2 0.9047% | D7: sample後 | F7: 2013 | G7: 7 | H7: 30 | I7: 15 | J7: 13 | O7: 159629 | S7: =H7*24+I7+J7/60+K7/3600 -> 735.21667
C8: CO2 0.9047% | D8: sample後 | F8: 2013 | G8: 7 | H8: 30 | I8: 15 | J8: 14 | O8: 160195 | S8: =H8*24+I8+J8/60+K8/3600 -> 735.23333
C9: CO2 0.9047% | D9: sample後 | F9: 2013 | G9: 7 | H9: 30 | I9: 15 | J9: 15 | O9: 159386 | S9: =H9*24+I9+J9/60+K9/3600 -> 735.25
C10: CO2 0.9047% | D10: sample後 | F10: 2013 | G10: 7 | H10: 30 | I10: 15 | J10: 16 | O10: 163286 | S10: =H10*24+I10+J10/60+K10/3600 -> 735.26667
F11: 2013 | G11: 7 | H11: 30 | I11: 15 | J11: 16 | O11: 164045 | S11: =H11*24+I11+J11/60+K11/3600 -> 735.26667
B14: 標準パラメータ | Q14: factor
C15: CO2濃度 | D15: CO2 | F15: 9047 | G15: ppm | H15: 前 | M15: =AVERAGE(M2:M6) -> #DIV/0! | N15: =AVERAGE(N2:N6) -> #DIV/0! | O15: =AVERAGE(O2:O11) -> 164809.4 | Q15: =F15/O15 -> 0.054893714 | S15: =AVERAGE(S2:S6) -> 733.11333
H16: 後 | M16: =AVERAGE(M7:M11) -> #DIV/0! | N16: =AVERAGE(N7:N11) -> #DIV/0! | O16: =AVERAGE(O7:O11) -> 161308.2 | Q16: =F15/O16 -> 0.056085184 | S16: =AVERAGE(S7:S11) -> 735.24667
Q18: 初期std利用 | U18: ドリフト補正有
B19: 15 deg | C19: 1 | F19: 2013 | G19: 7 | H19: 30 | I19: 13 | J19: 25 | O19: 23562 | Q19: =O19*$Q$15 -> 1293.4057 | S19: =H19*24+I19+J19/60+K19/3600 -> 733.41667 | T19: =Q15+(Q16-Q15)*(S19-S15)/(S16-S15) -> 0.055063126 | U19: =O19*T19 -> 1297.3974
C20: 2 | F20: 2013 | G20: 7 | H20: 30 | I20: 13 | J20: 26 | O20: 13592 | Q20: =O20*$Q$15 -> 746.11536 | S20: =H20*24+I20+J20/60+K20/3600 -> 733.43333 | T20: =Q15+(Q16-Q15)*(S20-S15)/(S16-S15) -> 0.055072434 | U20: =O20*T20 -> 748.54452
C21: 3 | F21: 2013 | G21: 7 | H21: 30 | I21: 13 | J21: 27 | O21: 24470 | Q21: =O21*$Q$15 -> 1343.2492 | S21: =H21*24+I21+J21/60+K21/3600 -> 733.45 | T21: =Q15+(Q16-Q15)*(S21-S15)/(S16-S15) -> 0.055081742 | U21: =O21*T21 -> 1347.8502
C22: 4 | F22: 2013 | G22: 7 | H22: 30 | I22: 13 | J22: 28 | O22: 14778 | Q22: =O22*$Q$15 -> 811.2193 | S22: =H22*24+I22+J22/60+K22/3600 -> 733.46667 | T22: =Q15+(Q16-Q15)*(S22-S15)/(S16-S15) -> 0.055091051 | U22: =O22*T22 -> 814.13555
C23: 5 | F23: 2013 | G23: 7 | H23: 30 | I23: 13 | J23: 29 | O23: 19824 | Q23: =O23*$Q$15 -> 1088.213 | S23: =H23*24+I23+J23/60+K23/3600 -> 733.48333 | T23: =Q15+(Q16-Q15)*(S23-S15)/(S16-S15) -> 0.055100359 | U23: =O23*T23 -> 1092.3095
C24: 6 | F24: 2013 | G24: 7 | H24: 30 | I24: 13 | J24: 29 | O24: 14858 | Q24: =O24*$Q$15 -> 815.6108 | S24: =H24*24+I24+J24/60+K24/3600 -> 733.48333 | T24: =Q15+(Q16-Q15)*(S24-S15)/(S16-S15) -> 0.055100359 | U24: =O24*T24 -> 818.68114
C25: 7 | F25: 2013 | G25: 7 | H25: 30 | I25: 13 | J25: 30 | O25: 15146 | Q25: =O25*$Q$15 -> 831.42019 | S25: =H25*24+I25+J25/60+K25/3600 -> 733.5 | T25: =Q15+(Q16-Q15)*(S25-S15)/(S16-S15) -> 0.055109668 | U25: =O25*T25 -> 834.69102
C26: 8 | F26: 2013 | G26: 7 | H26: 30 | I26: 13 | J26: 31 | O26: 12677 | Q26: =O26*$Q$15 -> 695.88761 | S26: =H26*24+I26+J26/60+K26/3600 -> 733.51667 | T26: =Q15+(Q16-Q15)*(S26-S15)/(S16-S15) -> 0.055118976 | U26: =O26*T26 -> 698.74326
C27: 9 | F27: 2013 | G27: 7 | H27: 30 | I27: 13 | J27: 32 | O27: 13754 | Q27: =O27*$Q$15 -> 755.00814 | S27: =H27*24+I27+J27/60+K27/3600 -> 733.53333 | T27: =Q15+(Q16-Q15)*(S27-S15)/(S16-S15) -> 0.055128284 | U27: =O27*T27 -> 758.23442
C28: 10 | F28: 2013 | G28: 7 | H28: 30 | I28: 13 | J28: 33 | O28: 21565 | Q28: =O28*$Q$15 -> 1183.7829 | S28: =H28*24+I28+J28/60+K28/3600 -> 733.55 | T28: =Q15+(Q16-Q15)*(S28-S15)/(S16-S15) -> 0.055137593 | U28: =O28*T28 -> 1189.0422
C29: 12 | F29: 2013 | G29: 7 | H29: 30 | I29: 13 | J29: 34 | O29: 13110 | Q29: =O29*$Q$15 -> 719.65659 | S29: =H29*24+I29+J29/60+K29/3600 -> 733.56667 | T29: =Q15+(Q16-Q15)*(S29-S15)/(S16-S15) -> 0.055146901 | U29: =O29*T29 -> 722.97587
C30: 13 | F30: 2013 | G30: 7 | H30: 30 | I30: 13 | J30: 35 | O30: 17200 | Q30: =O30*$Q$15 -> 944.17187 | S30: =H30*24+I30+J30/60+K30/3600 -> 733.58333 | T30: =Q15+(Q16-Q15)*(S30-S15)/(S16-S15) -> 0.055156209 | U30: =O30*T30 -> 948.6868
C31: 14 | F31: 2013 | G31: 7 | H31: 30 | I31: 13 | J31: 36 | O31: 13734 | Q31: =O31*$Q$15 -> 753.91026 | S31: =H31*24+I31+J31/60+K31/3600 -> 733.6 | T31: =Q15+(Q16-Q15)*(S31-S15)/(S16-S15) -> 0.055165518 | U31: =O31*T31 -> 757.64322
C32: 85 | F32: 2013 | G32: 7 | H32: 30 | I32: 13 | J32: 37 | O32: 13539 | Q32: =O32*$Q$15 -> 743.20599 | S32: =H32*24+I32+J32/60+K32/3600 -> 733.61667 | T32: =Q15+(Q16-Q15)*(S32-S15)/(S16-S15) -> 0.055174826 | U32: =O32*T32 -> 747.01197
C33: 15 | F33: 2013 | G33: 7 | H33: 30 | I33: 13 | J33: 38 | O33: 17798 | Q33: =O33*$Q$15 -> 976.99831 | S33: =H33*24+I33+J33/60+K33/3600 -> 733.63333 | T33: =Q15+(Q16-Q15)*(S33-S15)/(S16-S15) -> 0.055184134 | U33: =O33*T33 -> 982.16722
C34: 16 | F34: 2013 | G34: 7 | H34: 30 | I34: 13 | J34: 39 | O34: 59107 | Q34: =O34*$Q$15 -> 3244.6027 | S34: =H34*24+I34+J34/60+K34/3600 -> 733.65 | T34: =Q15+(Q16-Q15)*(S34-S15)/(S16-S15) -> 0.055193443 | U34: =O34*T34 -> 3262.3188
C35: 17 | F35: 2013 | G35: 7 | H35: 30 | I35: 13 | J35: 40 | O35: 212093 | Q35: =O35*$Q$15 -> 11642.572 | S35: =H35*24+I35+J35/60+K35/3600 -> 733.66667 | T35: =Q15+(Q16-Q15)*(S35-S15)/(S16-S15) -> 0.055202751 | U35: =O35*T35 -> 11708.117
C36: 18 | F36: 2013 | G36: 7 | H36: 30 | I36: 13 | J36: 41 | O36: 32410 | P36: ???!!! | Q36: =O36*$Q$15 -> 1779.1053 | S36: =H36*24+I36+J36/60+K36/3600 -> 733.68333 | T36: =Q15+(Q16-Q15)*(S36-S15)/(S16-S15) -> 0.055212059 | U36: =O36*T36 -> 1789.4228
C37: 19 | F37: 2013 | G37: 7 | H37: 30 | I37: 13 | J37: 42 | O37: 27360 | Q37: =O37*$Q$15 -> 1501.892 | S37: =H37*24+I37+J37/60+K37/3600 -> 733.7 | T37: =Q15+(Q16-Q15)*(S37-S15)/(S16-S15) -> 0.055221368 | U37: =O37*T37 -> 1510.8566
C38: 20 | F38: 2013 | G38: 7 | H38: 30 | I38: 13 | J38: 43 | O38: 18573 | Q38: =O38*$Q$15 -> 1019.5409 | S38: =H38*24+I38+J38/60+K38/3600 -> 733.71667 | T38: =Q15+(Q16-Q15)*(S38-S15)/(S16-S15) -> 0.055230676 | U38: =O38*T38 -> 1025.7993
C39: 21 | F39: 2013 | G39: 7 | H39: 30 | I39: 13 | J39: 43 | O39: 14224 | Q39: =O39*$Q$15 -> 780.80818 | S39: =H39*24+I39+J39/60+K39/3600 -> 733.71667 | T39: =Q15+(Q16-Q15)*(S39-S15)/(S16-S15) -> 0.055230676 | U39: =O39*T39 -> 785.60114
C40: 22 | F40: 2013 | G40: 7 | H40: 30 | I40: 13 | J40: 44 | O40: 16427 | Q40: =O40*$Q$15 -> 901.73903 | S40: =H40*24+I40+J40/60+K40/3600 -> 733.73333 | T40: =Q15+(Q16-Q15)*(S40-S15)/(S16-S15) -> 0.055239985 | U40: =O40*T40 -> 907.42723
C41: 23 | F41: 2013 | G41: 7 | H41: 30 | I41: 13 | J41: 46 | O41: 16040 | Q41: =O41*$Q$15 -> 880.49517 | S41: =H41*24+I41+J41/60+K41/3600 -> 733.76667 | T41: =Q15+(Q16-Q15)*(S41-S15)/(S16-S15) -> 0.055258601 | U41: =O41*T41 -> 886.34796
C42: 24 | F42: 2013 | G42: 7 | H42: 30 | I42: 13 | J42: 46 | O42: 20150 | Q42: =O42*$Q$15 -> 1106.1083 | S42: =H42*24+I42+J42/60+K42/3600 -> 733.76667 | T42: =Q15+(Q16-Q15)*(S42-S15)/(S16-S15) -> 0.055258601 | U42: =O42*T42 -> 1113.4608
C43: 25 | F43: 2013 | G43: 7 | H43: 30 | I43: 13 | J43: 48 | O43: 17139 | Q43: =O43*$Q$15 -> 940.82336 | S43: =H43*24+I43+J43/60+K43/3600 -> 733.8 | T43: =Q15+(Q16-Q15)*(S43-S15)/(S16-S15) -> 0.055277218 | U43: =O43*T43 -> 947.39624
C44: 26 | F44: 2013 | G44: 7 | H44: 30 | I44: 13 | J44: 50 | O44: 19315 | Q44: =O44*$Q$15 -> 1060.2721 | S44: =H44*24+I44+J44/60+K44/3600 -> 733.83333 | T44: =Q15+(Q16-Q15)*(S44-S15)/(S16-S15) -> 0.055295835 | U44: =O44*T44 -> 1068.039
C45: 27 | F45: 2013 | G45: 7 | H45: 30 | I45: 13 | J45: 49 | O45: 18813 | Q45: =O45*$Q$15 -> 1032.7154 | S45: =H45*24+I45+J45/60+K45/3600 -> 733.81667 | T45: =Q15+(Q16-Q15)*(S45-S15)/(S16-S15) -> 0.055286526 | U45: =O45*T45 -> 1040.1054
C46: 28 | F46: 2013 | G46: 7 | H46: 30 | I46: 13 | J46: 51 | O46: 376531 | Q46: =O46*$Q$15 -> 20669.185 | S46: =H46*24+I46+J46/60+K46/3600 -> 733.85 | T46: =Q15+(Q16-Q15)*(S46-S15)/(S16-S15) -> 0.055305143 | U46: =O46*T46 -> 20824.101
C47: 29 | F47: 2013 | G47: 7 | H47: 30 | I47: 13 | J47: 52 | O47: 24328 | Q47: =O47*$Q$15 -> 1335.4543 | S47: =H47*24+I47+J47/60+K47/3600 -> 733.86667 | T47: =Q15+(Q16-Q15)*(S47-S15)/(S16-S15) -> 0.055314451 | U47: =O47*T47 -> 1345.69
C48: 30 | F48: 2013 | G48: 7 | H48: 30 | I48: 13 | J48: 53 | O48: 29754 | Q48: =O48*$Q$15 -> 1633.3076 | S48: =H48*24+I48+J48/60+K48/3600 -> 733.88333 | T48: =Q15+(Q16-Q15)*(S48-S15)/(S16-S15) -> 0.05532376 | U48: =O48*T48 -> 1646.1031
C49: 31 | F49: 2013 | G49: 7 | H49: 30 | I49: 13 | J49: 54 | O49: 17069 | Q49: =O49*$Q$15 -> 936.9808 | S49: =H49*24+I49+J49/60+K49/3600 -> 733.9 | T49: =Q15+(Q16-Q15)*(S49-S15)/(S16-S15) -> 0.055333068 | U49: =O49*T49 -> 944.48014
C50: 32 | F50: 2013 | G50: 7 | H50: 30 | I50: 13 | J50: 55 | O50: 16134 | Q50: =O50*$Q$15 -> 885.65518 | S50: =H50*24+I50+J50/60+K50/3600 -> 733.91667 | T50: =Q15+(Q16-Q15)*(S50-S15)/(S16-S15) -> 0.055342376 | U50: =O50*T50 -> 892.8939
C51: 33 | F51: 2013 | G51: 7 | H51: 30 | I51: 13 | J51: 56 | O51: 14787 | Q51: =O51*$Q$15 -> 811.71334 | S51: =H51*24+I51+J51/60+K51/3600 -> 733.93333 | T51: =Q15+(Q16-Q15)*(S51-S15)/(S16-S15) -> 0.055351685 | U51: =O51*T51 -> 818.48536
C52: 34 | F52: 2013 | G52: 7 | H52: 30 | I52: 13 | J52: 58 | O52: 14211 | Q52: =O52*$Q$15 -> 780.09456 | S52: =H52*24+I52+J52/60+K52/3600 -> 733.96667 | T52: =Q15+(Q16-Q15)*(S52-S15)/(S16-S15) -> 0.055370302 | U52: =O52*T52 -> 786.86736
C53: 35 | F53: 2013 | G53: 7 | H53: 30 | I53: 13 | J53: 57 | O53: 13034 | Q53: =O53*$Q$15 -> 715.48466 | S53: =H53*24+I53+J53/60+K53/3600 -> 733.95 | T53: =Q15+(Q16-Q15)*(S53-S15)/(S16-S15) -> 0.055360993 | U53: =O53*T53 -> 721.57519
C54: 36 | F54: 2013 | G54: 7 | H54: 30 | I54: 13 | J54: 0 | K54: 0 | O54: 12283 | Q54: =O54*$Q$15 -> 674.25948 | S54: =H54*24+I54+J54/60+K54/3600 -> 733 | T54: =Q15+(Q16-Q15)*(S54-S15)/(S16-S15) -> 0.054830417 | U54: =O54*T54 -> 673.48201
C55: 37 | F55: 2013 | G55: 7 | H55: 30 | I55: 13 | J55: 0 | O55: 12941 | Q55: =O55*$Q$15 -> 710.37955 | S55: =H55*24+I55+J55/60+K55/3600 -> 733 | T55: =Q15+(Q16-Q15)*(S55-S15)/(S16-S15) -> 0.054830417 | U55: =O55*T55 -> 709.56042
C56: 38 | F56: 2013 | G56: 7 | H56: 30 | I56: 13 | J56: 3 | O56: 14696 | Q56: =O56*$Q$15 -> 806.71801 | S56: =H56*24+I56+J56/60+K56/3600 -> 733.05 | T56: =Q15+(Q16-Q15)*(S56-S15)/(S16-S15) -> 0.054858342 | U56: =O56*T56 -> 806.19819
C57: 39 | F57: 2013 | G57: 7 | H57: 30 | I57: 14 | J57: 2 | O57: 13392 | Q57: =O57*$Q$15 -> 735.13661 | S57: =H57*24+I57+J57/60+K57/3600 -> 734.03333 | T57: =Q15+(Q16-Q15)*(S57-S15)/(S16-S15) -> 0.055407535 | U57: =O57*T57 -> 742.01771
C58: 40 | F58: 2013 | G58: 7 | H58: 30 | I58: 14 | J58: 3 | O58: 16070 | Q58: =O58*$Q$15 -> 882.14198 | S58: =H58*24+I58+J58/60+K58/3600 -> 734.05 | T58: =Q15+(Q16-Q15)*(S58-S15)/(S16-S15) -> 0.055416843 | U58: =O58*T58 -> 890.54867
C59: 41 | F59: 2013 | G59: 7 | H59: 30 | I59: 14 | J59: 4 | O59: 14144 | Q59: =O59*$Q$15 -> 776.41668 | S59: =H59*24+I59+J59/60+K59/3600 -> 734.06667 | T59: =Q15+(Q16-Q15)*(S59-S15)/(S16-S15) -> 0.055426152 | U59: =O59*T59 -> 783.94749
C60: 42 | F60: 2013 | G60: 7 | H60: 30 | I60: 14 | J60: 5 | O60: 379130 | Q60: =O60*$Q$15 -> 20811.854 | S60: =H60*24+I60+J60/60+K60/3600 -> 734.08333 | T60: =Q15+(Q16-Q15)*(S60-S15)/(S16-S15) -> 0.05543546 | U60: =O60*T60 -> 21017.246
B61: 25 deg | C61: 43 | F61: 2013 | G61: 7 | H61: 30 | I61: 14 | J61: 12 | O61: 13402 | Q61: =O61*$Q$15 -> 735.68555 | S61: =H61*24+I61+J61/60+K61/3600 -> 734.2 | T61: =Q15+(Q16-Q15)*(S61-S15)/(S16-S15) -> 0.055500619 | U61: =O61*T61 -> 743.81929
C62: 44 | F62: 2013 | G62: 7 | H62: 30 | I62: 14 | J62: 14 | O62: 17830 | Q62: =O62*$Q$15 -> 978.75491 | S62: =H62*24+I62+J62/60+K62/3600 -> 734.23333 | T62: =Q15+(Q16-Q15)*(S62-S15)/(S16-S15) -> 0.055519235 | U62: =O62*T62 -> 989.90797
C63: 45 | F63: 2013 | G63: 7 | H63: 30 | I63: 14 | J63: 15 | O63: 14029 | Q63: =O63*$Q$15 -> 770.10391 | S63: =H63*24+I63+J63/60+K63/3600 -> 734.25 | T63: =Q15+(Q16-Q15)*(S63-S15)/(S16-S15) -> 0.055528544 | U63: =O63*T63 -> 779.00994
C64: 46 | F64: 2013 | G64: 7 | H64: 30 | I64: 14 | J64: 16 | O64: 14602 | Q64: =O64*$Q$15 -> 801.55801 | S64: =H64*24+I64+J64/60+K64/3600 -> 734.26667 | T64: =Q15+(Q16-Q15)*(S64-S15)/(S16-S15) -> 0.055537852 | U64: =O64*T64 -> 810.96372
C65: 47 | F65: 2013 | G65: 7 | H65: 30 | I65: 14 | J65: 17 | O65: 16346 | Q65: =O65*$Q$15 -> 897.29264 | S65: =H65*24+I65+J65/60+K65/3600 -> 734.28333 | T65: =Q15+(Q16-Q15)*(S65-S15)/(S16-S15) -> 0.05554716 | U65: =O65*T65 -> 907.97388
C66: 48 | F66: 2013 | G66: 7 | H66: 30 | I66: 14 | J66: 17 | O66: 16422 | Q66: =O66*$Q$15 -> 901.46456 | S66: =H66*24+I66+J66/60+K66/3600 -> 734.28333 | T66: =Q15+(Q16-Q15)*(S66-S15)/(S16-S15) -> 0.05554716 | U66: =O66*T66 -> 912.19547
C67: 49 | F67: 2013 | G67: 7 | H67: 30 | I67: 14 | J67: 18 | O67: 14586 | Q67: =O67*$Q$15 -> 800.67971 | S67: =H67*24+I67+J67/60+K67/3600 -> 734.3 | T67: =Q15+(Q16-Q15)*(S67-S15)/(S16-S15) -> 0.055556469 | U67: =O67*T67 -> 810.34665
C68: 50 | F68: 2013 | G68: 7 | H68: 30 | I68: 14 | J68: 19 | O68: 14725 | Q68: =O68*$Q$15 -> 808.30993 | S68: =H68*24+I68+J68/60+K68/3600 -> 734.31667 | T68: =Q15+(Q16-Q15)*(S68-S15)/(S16-S15) -> 0.055565777 | U68: =O68*T68 -> 818.20607
C69: 51 | F69: 2013 | G69: 7 | H69: 30 | I69: 14 | J69: 20 | O69: 15381 | Q69: =O69*$Q$15 -> 844.32021 | S69: =H69*24+I69+J69/60+K69/3600 -> 734.33333 | T69: =Q15+(Q16-Q15)*(S69-S15)/(S16-S15) -> 0.055575085 | U69: =O69*T69 -> 854.80039
C70: 52 | F70: 2013 | G70: 7 | H70: 30 | I70: 14 | J70: 21 | O70: 14312 | Q70: =O70*$Q$15 -> 785.63883 | S70: =H70*24+I70+J70/60+K70/3600 -> 734.35 | T70: =Q15+(Q16-Q15)*(S70-S15)/(S16-S15) -> 0.055584394 | U70: =O70*T70 -> 795.52384
C71: 53 | F71: 2013 | G71: 7 | H71: 30 | I71: 14 | J71: 22 | O71: 17770 | Q71: =O71*$Q$15 -> 975.46129 | S71: =H71*24+I71+J71/60+K71/3600 -> 734.36667 | T71: =Q15+(Q16-Q15)*(S71-S15)/(S16-S15) -> 0.055593702 | U71: =O71*T71 -> 987.90009
C72: 54 | F72: 2013 | G72: 7 | H72: 30 | I72: 14 | J72: 23 | O72: 13338 | Q72: =O72*$Q$15 -> 732.17235 | S72: =H72*24+I72+J72/60+K72/3600 -> 734.38333 | T72: =Q15+(Q16-Q15)*(S72-S15)/(S16-S15) -> 0.055603011 | U72: =O72*T72 -> 741.63295
C73: 55 | F73: 2013 | G73: 7 | H73: 30 | I73: 14 | J73: 24 | O73: 13958 | Q73: =O73*$Q$15 -> 766.20645 | S73: =H73*24+I73+J73/60+K73/3600 -> 734.4 | T73: =Q15+(Q16-Q15)*(S73-S15)/(S16-S15) -> 0.055612319 | U73: =O73*T73 -> 776.23675
C74: 56 | F74: 2013 | G74: 7 | H74: 30 | I74: 14 | J74: 24 | O74: 124304 | Q74: =O74*$Q$15 -> 6823.5082 | S74: =H74*24+I74+J74/60+K74/3600 -> 734.4 | T74: =Q15+(Q16-Q15)*(S74-S15)/(S16-S15) -> 0.055612319 | U74: =O74*T74 -> 6912.8337
C75: 57 | F75: 2013 | G75: 7 | H75: 30 | I75: 14 | J75: 26 | O75: 19267 | Q75: =O75*$Q$15 -> 1057.6372 | S75: =H75*24+I75+J75/60+K75/3600 -> 734.43333 | T75: =Q15+(Q16-Q15)*(S75-S15)/(S16-S15) -> 0.055630936 | U75: =O75*T75 -> 1071.8412
C76: 58 | F76: 2013 | G76: 7 | H76: 30 | I76: 14 | J76: 27 | O76: 35730 | Q76: =O76*$Q$15 -> 1961.3524 | S76: =H76*24+I76+J76/60+K76/3600 -> 734.45 | T76: =Q15+(Q16-Q15)*(S76-S15)/(S16-S15) -> 0.055640244 | U76: =O76*T76 -> 1988.0259
C77: 59 | F77: 2013 | G77: 7 | H77: 30 | I77: 14 | J77: 28 | O77: 51762 | Q77: =O77*$Q$15 -> 2841.4084 | S77: =H77*24+I77+J77/60+K77/3600 -> 734.46667 | T77: =Q15+(Q16-Q15)*(S77-S15)/(S16-S15) -> 0.055649552 | U77: =O77*T77 -> 2880.5321
C78: 60 | F78: 2013 | G78: 7 | H78: 30 | I78: 14 | J78: 29 | O78: 16662 | Q78: =O78*$Q$15 -> 914.63906 | S78: =H78*24+I78+J78/60+K78/3600 -> 734.48333 | T78: =Q15+(Q16-Q15)*(S78-S15)/(S16-S15) -> 0.055658861 | U78: =O78*T78 -> 927.38794
C79: 61 | F79: 2013 | G79: 7 | H79: 30 | I79: 14 | J79: 29 | O79: 41453 | Q79: =O79*$Q$15 -> 2275.5091 | S79: =H79*24+I79+J79/60+K79/3600 -> 734.48333 | T79: =Q15+(Q16-Q15)*(S79-S15)/(S16-S15) -> 0.055658861 | U79: =O79*T79 -> 2307.2268
C80: 62 | F80: 2013 | G80: 7 | H80: 30 | I80: 14 | J80: 30 | O80: 16531 | Q80: =O80*$Q$15 -> 907.44798 | S80: =H80*24+I80+J80/60+K80/3600 -> 734.5 | T80: =Q15+(Q16-Q15)*(S80-S15)/(S16-S15) -> 0.055668169 | U80: =O80*T80 -> 920.2505
C81: 63 | F81: 2013 | G81: 7 | H81: 30 | I81: 14 | J81: 33 | O81: 19674 | Q81: =O81*$Q$15 -> 1079.9789 | S81: =H81*24+I81+J81/60+K81/3600 -> 734.55 | T81: =Q15+(Q16-Q15)*(S81-S15)/(S16-S15) -> 0.055696094 | U81: =O81*T81 -> 1095.765
C82: 64 | F82: 2013 | G82: 7 | H82: 30 | I82: 14 | J82: 32 | O82: 15654 | Q82: =O82*$Q$15 -> 859.30619 | S82: =H82*24+I82+J82/60+K82/3600 -> 734.53333 | T82: =Q15+(Q16-Q15)*(S82-S15)/(S16-S15) -> 0.055686786 | U82: =O82*T82 -> 871.72094
C83: 65 | F83: 2013 | G83: 7 | H83: 30 | I83: 14 | J83: 33 | O83: 15462 | Q83: =O83*$Q$15 -> 848.7666 | S83: =H83*24+I83+J83/60+K83/3600 -> 734.55 | T83: =Q15+(Q16-Q15)*(S83-S15)/(S16-S15) -> 0.055696094 | U83: =O83*T83 -> 861.17301
C84: 66 | F84: 2013 | G84: 7 | H84: 30 | I84: 14 | J84: 34 | O84: 23149 | Q84: =O84*$Q$15 -> 1270.7346 | S84: =H84*24+I84+J84/60+K84/3600 -> 734.56667 | T84: =Q15+(Q16-Q15)*(S84-S15)/(S16-S15) -> 0.055705402 | U84: =O84*T84 -> 1289.5244
C85: 67 | F85: 2013 | G85: 7 | H85: 30 | I85: 14 | J85: 37 | O85: 23278 | Q85: =O85*$Q$15 -> 1277.8159 | S85: =H85*24+I85+J85/60+K85/3600 -> 734.61667 | T85: =Q$15+(Q$16-Q$15)*(S85-S$15)/(S$16-S$15) -> 0.055733328 | U85: =O85*T85 -> 1297.3604
C86: 68 | F86: 2013 | G86: 7 | H86: 30 | I86: 14 | J86: 36 | O86: 15335 | Q86: =O86*$Q$15 -> 841.7951 | S86: =H86*24+I86+J86/60+K86/3600 -> 734.6 | T86: =Q$15+(Q$16-Q$15)*(S86-S$15)/(S$16-S$15) -> 0.055724019 | U86: =O86*T86 -> 854.52783
C87: 69 | F87: 2013 | G87: 7 | H87: 30 | I87: 14 | J87: 38 | O87: 16102 | Q87: =O87*$Q$15 -> 883.89858 | S87: =H87*24+I87+J87/60+K87/3600 -> 734.63333 | T87: =Q$15+(Q$16-Q$15)*(S87-S$15)/(S$16-S$15) -> 0.055742636 | U87: =O87*T87 -> 897.56792
C88: 70 | F88: 2013 | G88: 7 | H88: 30 | I88: 14 | J88: 38 | O88: 566368 | Q88: =O88*$Q$15 -> 31090.043 | S88: =H88*24+I88+J88/60+K88/3600 -> 734.63333 | T88: =Q$15+(Q$16-Q$15)*(S88-S$15)/(S$16-S$15) -> 0.055742636 | U88: =O88*T88 -> 31570.845
C89: 71 | F89: 2013 | G89: 7 | H89: 30 | I89: 15 | J89: 40 | O89: 22752 | Q89: =O89*$Q$15 -> 1248.9418 | S89: =H89*24+I89+J89/60+K89/3600 -> 735.66667 | T89: =Q$15+(Q$16-Q$15)*(S89-S$15)/(S$16-S$15) -> 0.056319754 | U89: =O89*T89 -> 1281.387
C90: 72 | F90: 2013 | G90: 7 | H90: 30 | I90: 15 | J90: 41 | O90: 29168 | Q90: =O90*$Q$15 -> 1601.1398 | S90: =H90*24+I90+J90/60+K90/3600 -> 735.68333 | T90: =Q$15+(Q$16-Q$15)*(S90-S$15)/(S$16-S$15) -> 0.056329063 | U90: =O90*T90 -> 1643.0061
C91: 73 | F91: 2013 | G91: 7 | H91: 30 | I91: 15 | J91: 44 | O91: 24947 | Q91: =O91*$Q$15 -> 1369.4335 | S91: =H91*24+I91+J91/60+K91/3600 -> 735.73333 | T91: =Q$15+(Q$16-Q$15)*(S91-S$15)/(S$16-S$15) -> 0.056356988 | U91: =O91*T91 -> 1405.9378
C92: 74 | F92: 2013 | G92: 7 | H92: 30 | I92: 15 | J92: 43 | O92: 26608 | Q92: =O92*$Q$15 -> 1460.6119 | S92: =H92*24+I92+J92/60+K92/3600 -> 735.71667 | T92: =Q$15+(Q$16-Q$15)*(S92-S$15)/(S$16-S$15) -> 0.056347679 | U92: =O92*T92 -> 1499.299
C93: 75 | F93: 2013 | G93: 7 | H93: 30 | I93: 15 | J93: 45 | O93: 19830 | Q93: =O93*$Q$15 -> 1088.5423 | S93: =H93*24+I93+J93/60+K93/3600 -> 735.75 | T93: =Q$15+(Q$16-Q$15)*(S93-S$15)/(S$16-S$15) -> 0.056366296 | U93: =O93*T93 -> 1117.7436
C94: 76 | F94: 2013 | G94: 7 | H94: 30 | I94: 15 | J94: 46 | O94: 32962 | Q94: =O94*$Q$15 -> 1809.4066 | S94: =H94*24+I94+J94/60+K94/3600 -> 735.76667 | T94: =Q$15+(Q$16-Q$15)*(S94-S$15)/(S$16-S$15) -> 0.056375604 | U94: =O94*T94 -> 1858.2527
C95: 77 | F95: 2013 | G95: 7 | H95: 30 | I95: 15 | J95: 47 | O95: 14957 | Q95: =O95*$Q$15 -> 821.04527 | S95: =H95*24+I95+J95/60+K95/3600 -> 735.78333 | T95: =Q$15+(Q$16-Q$15)*(S95-S$15)/(S$16-S$15) -> 0.056384913 | U95: =O95*T95 -> 843.34914
C96: 78 | F96: 2013 | G96: 7 | H96: 30 | I96: 15 | J96: 48 | O96: 23714 | Q96: =O96*$Q$15 -> 1301.7495 | S96: =H96*24+I96+J96/60+K96/3600 -> 735.8 | T96: =Q$15+(Q$16-Q$15)*(S96-S$15)/(S$16-S$15) -> 0.056394221 | U96: =O96*T96 -> 1337.3326
... C102: 84 | F102: 2013 | G102: 7 | H102: 30 | I102: 15 | J102: 53 | O102: 236845 | Q102: =O102*$Q$15 -> 13001.302 | S102: =H102*24+I102+J102/60+K102/3600 -> 735.88333 | T102: =Q$15+(Q$16-Q$15)*(S102-S$15)/(S$16-S$15) -> 0.056440763 | U102: =O102*T102 -> 13367.712

Sheet 8-1-13 Final #1
B1: 区・条件 | C1: STD ppm | F1: year | G1: month | H1: day | I1: hh | J1: mm | K1: ss | L1: sample number | M1: CO2rt | N1: CO2hi | O1: CO2area | P1: 右は計算領域 | Q1: CO2(ppm)初期標準 | R1: ドリフト時計算 | S1: 絶対時間（ｈ） | T1: ドリフトstd factor | U1: CO2(ppm) | X1: 41487
C2: CO2 0.9047% | D2: sample前 | F2: 2013 | G2: 8 | H2: 32 | I2: 11 | J2: 20 | O2: 170076 | S2: =H2*24+I2+J2/60+K2/3600 -> 779.33333 | X2: had to enter date as 8/32 for formulae in column S
B3: CO２ | C3: CO2 0.9047% | D3: sample前 | F3: 2013 | G3: 8 | H3: 32 | I3: 11 | J3: 21 | O3: 168517 | S3: =H3*24+I3+J3/60+K3/3600 -> 779.35
B4: 9047 | C4: CO2 0.9047% | D4: sample前 | F4: 2013 | G4: 8 | H4: 32 | I4: 11 | J4: 22 | O4: 175690 | S4: =H4*24+I4+J4/60+K4/3600 -> 779.36667
C5: CO2 0.9047% | D5: sample前 | F5: 2013 | G5: 8 | H5: 32 | I5: 11 | J5: 23 | O5: 173206 | S5: =H5*24+I5+J5/60+K5/3600 -> 779.38333
C7: CO2 0.9047% | D7: sample後 | F7: 2013 | G7: 8 | H7: 32 | I7: 12 | J7: 53 | O7: 171046 | S7: =H7*24+I7+J7/60+K7/3600 -> 780.88333
C8: CO2 0.9047% | D8: sample後 | F8: 2013 | G8: 8 | H8: 32 | I8: 12 | J8: 54 | O8: 198926 | S8: =H8*24+I8+J8/60+K8/3600 -> 780.9
C9: CO2 0.9047% | D9: sample後 | F9: 2013 | G9: 8 | H9: 32 | I9: 12 | J9: 55 | O9: 188090 | S9: =H9*24+I9+J9/60+K9/3600 -> 780.91667
C10: CO2 0.9047% | D10: sample後 | F10: 2013 | G10: 8 | H10: 32 | I10: 12 | J10: 56 | O10: 177491 | S10: =H10*24+I10+J10/60+K10/3600 -> 780.93333
B14: 標準パラメータ | Q14: factor
C15: CO2濃度 | D15: CO2 | F15: 9047 | G15: ppm | H15: 前 | M15: =AVERAGE(M2:M6) -> #DIV/0! | N15: =AVERAGE(N2:N6) -> #DIV/0! | O15: =AVERAGE(O2:O6) -> 171872.25 | Q15: =F15/O15 -> 0.052637933 | S15: =AVERAGE(S2:S6) -> 779.35833
H16: 後 | M16: =AVERAGE(M7:M11) -> #DIV/0! | N16: =AVERAGE(N7:N11) -> #DIV/0! | O16: =AVERAGE(O7:O11) -> 183888.25 | Q16: =F15/O16 -> 0.049198358 | S16: =AVERAGE(S7:S11) -> 780.90833
Q18: 初期std利用 | U18: ドリフト補正有
B19: 15 deg | C19: 1 | F19: 2013 | G19: 8 | H19: 32 | I19: 11 | J19: 25 | O19: 88219 | Q19: =O19*$Q$15 -> 4643.6658 | S19: =H19*24+I19+J19/60+K19/3600 -> 779.41667 | T19: =Q15+(Q16-Q15)*(S19-S15)/(S16-S15) -> 0.052508487 | U19: =O19*T19 -> 4632.2462
C20: 2 | F20: 2013 | G20: 8 | H20: 32 | I20: 11 | J20: 26 | O20: 51312 | Q20: =O20*$Q$15 -> 2700.9576 | S20: =H20*24+I20+J20/60+K20/3600 -> 779.43333 | T20: =Q15+(Q16-Q15)*(S20-S15)/(S16-S15) -> 0.052471502 | U20: =O20*T20 -> 2692.4177
C21: 3 | F21: 2013 | G21: 8 | H21: 32 | I21: 11 | J21: 27 | O21: 70566 | Q21: =O21*$Q$15 -> 3714.4484 | S21: =H21*24+I21+J21/60+K21/3600 -> 779.45 | T21: =Q15+(Q16-Q15)*(S21-S15)/(S16-S15) -> 0.052434517 | U21: =O21*T21 -> 3700.0942
C22: 4 | F22: 2013 | G22: 8 | H22: 32 | I22: 11 | J22: 28 | O22: 54752 | Q22: =O22*$Q$15 -> 2882.0321 | S22: =H22*24+I22+J22/60+K22/3600 -> 779.46667 | T22: =Q15+(Q16-Q15)*(S22-S15)/(S16-S15) -> 0.052397533 | U22: =O22*T22 -> 2868.8697
C23: 5 | F23: 2013 | G23: 8 | H23: 32 | I23: 11 | J23: 29 | O23: 81312 | Q23: =O23*$Q$15 -> 4280.0956 | S23: =H23*24+I23+J23/60+K23/3600 -> 779.48333 | T23: =Q15+(Q16-Q15)*(S23-S15)/(S16-S15) -> 0.052360548 | U23: =O23*T23 -> 4257.5409
C24: 6 | F24: 2013 | G24: 8 | H24: 32 | I24: 11 | J24: 29 | O24: 36870 | Q24: =O24*$Q$15 -> 1940.7606 | S24: =H24*24+I24+J24/60+K24/3600 -> 779.48333 | T24: =Q15+(Q16-Q15)*(S24-S15)/(S16-S15) -> 0.052360548 | U24: =O24*T24 -> 1930.5334
C25: 7 | F25: 2013 | G25: 8 | H25: 32 | I25: 11 | J25: 30 | O25: 43398 | Q25: =O25*$Q$15 -> 2284.381 | S25: =H25*24+I25+J25/60+K25/3600 -> 779.5 | T25: =Q15+(Q16-Q15)*(S25-S15)/(S16-S15) -> 0.052323563 | U25: =O25*T25 -> 2270.738
C26: 8 | F26: 2013 | G26: 8 | H26: 32 | I26: 11 | J26: 31 | O26: 33571 | Q26: =O26*$Q$15 -> 1767.1081 | S26: =H26*24+I26+J26/60+K26/3600 -> 779.51667 | T26: =Q15+(Q16-Q15)*(S26-S15)/(S16-S15) -> 0.052286579 | U26: =O26*T26 -> 1755.3127
C27: 9 | F27: 2013 | G27: 8 | H27: 32 | I27: 11 | J27: 32 | O27: 29027 | Q27: =O27*$Q$15 -> 1527.9213 | S27: =H27*24+I27+J27/60+K27/3600 -> 779.53333 | T27: =Q15+(Q16-Q15)*(S27-S15)/(S16-S15) -> 0.052249594 | U27: =O27*T27 -> 1516.649
C28: 10 | F28: 2013 | G28: 8 | H28: 32 | I28: 11 | J28: 33 | O28: 77226 | Q28: =O28*$Q$15 -> 4065.017 | S28: =H28*24+I28+J28/60+K28/3600 -> 779.55 | T28: =Q15+(Q16-Q15)*(S28-S15)/(S16-S15) -> 0.052212609 | U28: =O28*T28 -> 4032.171
C29: 12 | F29: 2013 | G29: 8 | H29: 32 | I29: 11 | J29: 34 | O29: 39526 | Q29: =O29*$Q$15 -> 2080.5669 | S29: =H29*24+I29+J29/60+K29/3600 -> 779.56667 | T29: =Q15+(Q16-Q15)*(S29-S15)/(S16-S15) -> 0.052175625 | U29: =O29*T29 -> 2062.2937
C30: 13 | F30: 2013 | G30: 8 | H30: 32 | I30: 11 | J30: 35 | O30: 33728 | Q30: =O30*$Q$15 -> 1775.3722 | S30: =H30*24+I30+J30/60+K30/3600 -> 779.58333 | T30: =Q15+(Q16-Q15)*(S30-S15)/(S16-S15) -> 0.05213864 | U30: =O30*T30 -> 1758.532
C31: 14 | F31: 2013 | G31: 8 | H31: 32 | I31: 11 | J31: 36 | O31: 39578 | Q31: =O31*$Q$15 -> 2083.3041 | S31: =H31*24+I31+J31/60+K31/3600 -> 779.6 | T31: =Q15+(Q16-Q15)*(S31-S15)/(S16-S15) -> 0.052101655 | U31: =O31*T31 -> 2062.0793
C32: 85 | F32: 2013 | G32: 8 | H32: 32 | I32: 11 | J32: 37 | O32: 13944 | Q32: =O32*$Q$15 -> 733.98334 | S32: =H32*24+I32+J32/60+K32/3600 -> 779.61667 | T32: =Q15+(Q16-Q15)*(S32-S15)/(S16-S15) -> 0.052064671 | U32: =O32*T32 -> 725.98977
C33: 15 | F33: 2013 | G33: 8 | H33: 32 | I33: 11 | J33: 38 | O33: 187950 | Q33: =O33*$Q$15 -> 9893.2995 | S33: =H33*24+I33+J33/60+K33/3600 -> 779.63333 | T33: =Q15+(Q16-Q15)*(S33-S15)/(S16-S15) -> 0.052027686 | U33: =O33*T33 -> 9778.6036
C34: 16 | F34: 2013 | G34: 8 | H34: 32 | I34: 11 | J34: 39 | O34: 272186 | Q34: =O34*$Q$15 -> 14327.308 | S34: =H34*24+I34+J34/60+K34/3600 -> 779.65 | T34: =Q15+(Q16-Q15)*(S34-S15)/(S16-S15) -> 0.051990701 | U34: =O34*T34 -> 14151.141
C35: 17 | F35: 2013 | G35: 8 | H35: 32 | I35: 11 | J35: 40 | O35: 171907 | Q35: =O35*$Q$15 -> 9048.8292 | S35: =H35*24+I35+J35/60+K35/3600 -> 779.66667 | T35: =Q15+(Q16-Q15)*(S35-S15)/(S16-S15) -> 0.051953717 | U35: =O35*T35 -> 8931.2076
C36: 18 | F36: 2013 | G36: 8 | H36: 32 | I36: 11 | J36: 41 | O36: 234630 | Q36: =O36*$Q$15 -> 12350.438 | S36: =H36*24+I36+J36/60+K36/3600 -> 779.68333 | T36: =Q15+(Q16-Q15)*(S36-S15)/(S16-S15) -> 0.051916732 | U36: =O36*T36 -> 12181.223
C37: 19 | F37: 2013 | G37: 8 | H37: 32 | I37: 11 | J37: 42 | O37: 211826 | Q37: =O37*$Q$15 -> 11150.083 | S37: =H37*24+I37+J37/60+K37/3600 -> 779.7 | T37: =Q15+(Q16-Q15)*(S37-S15)/(S16-S15) -> 0.051879747 | U37: =O37*T37 -> 10989.479
C38: 20 | F38: 2013 | G38: 8 | H38: 32 | I38: 11 | J38: 43 | O38: 70723 | Q38: =O38*$Q$15 -> 3722.7125 | S38: =H38*24+I38+J38/60+K38/3600 -> 779.71667 | T38: =Q15+(Q16-Q15)*(S38-S15)/(S16-S15) -> 0.051842763 | U38: =O38*T38 -> 3666.4757
C39: 21 | F39: 2013 | G39: 8 | H39: 32 | I39: 11 | J39: 43 | O39: 63488 | Q39: =O39*$Q$15 -> 3341.8771 | S39: =H39*24+I39+J39/60+K39/3600 -> 779.71667 | T39: =Q15+(Q16-Q15)*(S39-S15)/(S16-S15) -> 0.051842763 | U39: =O39*T39 -> 3291.3933
C40: 22 | F40: 2013 | G40: 8 | H40: 32 | I40: 11 | J40: 44 | O40: 64819 | Q40: =O40*$Q$15 -> 3411.9382 | S40: =H40*24+I40+J40/60+K40/3600 -> 779.73333 | T40: =Q15+(Q16-Q15)*(S40-S15)/(S16-S15) -> 0.051805778 | U40: =O40*T40 -> 3357.9987
C41: 23 | F41: 2013 | G41: 8 | H41: 32 | I41: 11 | J41: 46 | O41: 67443 | Q41: =O41*$Q$15 -> 3550.0601 | S41: =H41*24+I41+J41/60+K41/3600 -> 779.76667 | T41: =Q15+(Q16-Q15)*(S41-S15)/(S16-S15) -> 0.051731809 | U41: =O41*T41 -> 3488.9484
C42: 24 | F42: 2013 | G42: 8 | H42: 32 | I42: 11 | J42: 46 | O42: 77901 | Q42: =O42*$Q$15 -> 4100.5476 | S42: =H42*24+I42+J42/60+K42/3600 -> 779.76667 | T42: =Q15+(Q16-Q15)*(S42-S15)/(S16-S15) -> 0.051731809 | U42: =O42*T42 -> 4029.9596
C43: 25 | F43: 2013 | G43: 8 | H43: 32 | I43: 11 | J43: 48 | O43: 93277 | Q43: =O43*$Q$15 -> 4909.9085 | S43: =H43*24+I43+J43/60+K43/3600 -> 779.8 | T43: =Q15+(Q16-Q15)*(S43-S15)/(S16-S15) -> 0.051657839 | U43: =O43*T43 -> 4818.4883
C44: 26 | F44: 2013 | G44: 8 | H44: 32 | I44: 11 | J44: 50 | O44: 102896 | Q44: =O44*$Q$15 -> 5416.2328 | S44: =H44*24+I44+J44/60+K44/3600 -> 779.83333 | T44: =Q15+(Q16-Q15)*(S44-S15)/(S16-S15) -> 0.05158387 | U44: =O44*T44 -> 5307.7739
C45: 27 | F45: 2013 | G45: 8 | H45: 32 | I45: 11 | J45: 49 | O45: 114557 | Q45: =O45*$Q$15 -> 6030.0437 | S45: =H45*24+I45+J45/60+K45/3600 -> 779.81667 | T45: =Q15+(Q16-Q15)*(S45-S15)/(S16-S15) -> 0.051620855 | U45: =O45*T45 -> 5913.5302
C46: 28 | F46: 2013 | G46: 8 | H46: 32 | I46: 11 | J46: 51 | O46: 469373 | Q46: =O46*$Q$15 -> 24706.825 | S46: =H46*24+I46+J46/60+K46/3600 -> 779.85 | T46: =Q15+(Q16-Q15)*(S46-S15)/(S16-S15) -> 0.051546885 | U46: =O46*T46 -> 24194.716
C47: 29 | F47: 2013 | G47: 8 | H47: 32 | I47: 11 | J47: 52 | O47: 232510 | Q47: =O47*$Q$15 -> 12238.846 | S47: =H47*24+I47+J47/60+K47/3600 -> 779.86667 | T47: =Q15+(Q16-Q15)*(S47-S15)/(S16-S15) -> 0.0515099 | U47: =O47*T47 -> 11976.567
C48: 30 | F48: 2013 | G48: 8 | H48: 32 | I48: 11 | J48: 53 | O48: 203670 | Q48: =O48*$Q$15 -> 10720.768 | S48: =H48*24+I48+J48/60+K48/3600 -> 779.88333 | T48: =Q15+(Q16-Q15)*(S48-S15)/(S16-S15) -> 0.051472916 | U48: =O48*T48 -> 10483.489
C49: 31 | F49: 2013 | G49: 8 | H49: 32 | I49: 11 | J49: 54 | O49: 177498 | Q49: =O49*$Q$15 -> 9343.1279 | S49: =H49*24+I49+J49/60+K49/3600 -> 779.9 | T49: =Q15+(Q16-Q15)*(S49-S15)/(S16-S15) -> 0.051435931 | U49: =O49*T49 -> 9129.7749
C50: 32 | F50: 2013 | G50: 8 | H50: 32 | I50: 11 | J50: 55 | O50: 201123 | Q50: =O50*$Q$15 -> 10586.699 | S50: =H50*24+I50+J50/60+K50/3600 -> 779.91667 | T50: =Q15+(Q16-Q15)*(S50-S15)/(S16-S15) -> 0.051398946 | U50: =O50*T50 -> 10337.51
C51: 33 | F51: 2013 | G51: 8 | H51: 32 | I51: 11 | J51: 56 | O51: 185586 | Q51: =O51*$Q$15 -> 9768.8635 | S51: =H51*24+I51+J51/60+K51/3600 -> 779.93333 | T51: =Q15+(Q16-Q15)*(S51-S15)/(S16-S15) -> 0.051361962 | U51: =O51*T51 -> 9532.061
C52: 34 | F52: 2013 | G52: 8 | H52: 32 | I52: 11 | J52: 58 | O52: 60179 | Q52: =O52*$Q$15 -> 3167.6982 | S52: =H52*24+I52+J52/60+K52/3600 -> 779.96667 | T52: =Q15+(Q16-Q15)*(S52-S15)/(S16-S15) -> 0.051287992 | U52: =O52*T52 -> 3086.4601
C53: 35 | F53: 2013 | G53: 8 | H53: 32 | I53: 11 | J53: 57 | O53: 68421 | Q53: =O53*$Q$15 -> 3601.54 | S53: =H53*24+I53+J53/60+K53/3600 -> 779.95 | T53: =Q15+(Q16-Q15)*(S53-S15)/(S16-S15) -> 0.051324977 | U53: =O53*T53 -> 3511.7063
C54: 36 | F54: 2013 | G54: 8 | H54: 32 | I54: 12 | J54: 0 | K54: 0 | O54: 63354 | Q54: =O54*$Q$15 -> 3334.8236 | S54: =H54*24+I54+J54/60+K54/3600 -> 780 | T54: =Q15+(Q16-Q15)*(S54-S15)/(S16-S15) -> 0.051214023 | U54: =O54*T54 -> 3244.6132
C55: 37 | F55: 2013 | G55: 8 | H55: 32 | I55: 12 | J55: 0 | O55: 61786 | Q55: =O55*$Q$15 -> 3252.2873 | S55: =H55*24+I55+J55/60+K55/3600 -> 780 | T55: =Q15+(Q16-Q15)*(S55-S15)/(S16-S15) -> 0.051214023 | U55: =O55*T55 -> 3164.3096
C56: 38 | F56: 2013 | G56: 8 | H56: 32 | I56: 12 | J56: 3 | O56: 64189 | Q56: =O56*$Q$15 -> 3378.7763 | S56: =H56*24+I56+J56/60+K56/3600 -> 780.05 | T56: =Q15+(Q16-Q15)*(S56-S15)/(S16-S15) -> 0.051103069 | U56: =O56*T56 -> 3280.2549
C57: 39 | F57: 2013 | G57: 8 | H57: 32 | I57: 12 | J57: 2 | O57: 108496 | Q57: =O57*$Q$15 -> 5711.0052 | S57: =H57*24+I57+J57/60+K57/3600 -> 780.03333 | T57: =Q15+(Q16-Q15)*(S57-S15)/(S16-S15) -> 0.051140054 | U57: =O57*T57 -> 5548.4913
C58: 40 | F58: 2013 | G58: 8 | H58: 32 | I58: 12 | J58: 3 | O58: 128026 | Q58: =O58*$Q$15 -> 6739.024 | S58: =H58*24+I58+J58/60+K58/3600 -> 780.05 | T58: =Q15+(Q16-Q15)*(S58-S15)/(S16-S15) -> 0.051103069 | U58: =O58*T58 -> 6542.5215
C59: 41 | F59: 2013 | G59: 8 | H59: 32 | I59: 12 | J59: 4 | O59: 98301 | Q59: =O59*$Q$15 -> 5174.3615 | S59: =H59*24+I59+J59/60+K59/3600 -> 780.06667 | T59: =Q15+(Q16-Q15)*(S59-S15)/(S16-S15) -> 0.051066084 | U59: =O59*T59 -> 5019.8472
C60: 42 | F60: 2013 | G60: 8 | H60: 32 | I60: 12 | J60: 5 | O60: 562970 | Q60: =O60*$Q$15 -> 29633.577 | S60: =H60*24+I60+J60/60+K60/3600 -> 780.08333 | T60: =Q15+(Q16-Q15)*(S60-S15)/(S16-S15) -> 0.0510291 | U60: =O60*T60 -> 28727.852
B61: 25 deg | C61: 43 | F61: 2013 | G61: 8 | H61: 32 | I61: 12 | J61: 12 | O61: 49539 | Q61: =O61*$Q$15 -> 2607.6306 | S61: =H61*24+I61+J61/60+K61/3600 -> 780.2 | T61: =Q15+(Q16-Q15)*(S61-S15)/(S16-S15) -> 0.050770207 | U61: =O61*T61 -> 2515.1053
C62: 44 | F62: 2013 | G62: 8 | H62: 32 | I62: 12 | J62: 14 | O62: 99667 | Q62: =O62*$Q$15 -> 5246.2649 | S62: =H62*24+I62+J62/60+K62/3600 -> 780.23333 | T62: =Q15+(Q16-Q15)*(S62-S15)/(S16-S15) -> 0.050696238 | U62: =O62*T62 -> 5052.7419
C63: 45 | F63: 2013 | G63: 8 | H63: 32 | I63: 12 | J63: 15 | O63: 52210 | Q63: =O63*$Q$15 -> 2748.2265 | S63: =H63*24+I63+J63/60+K63/3600 -> 780.25 | T63: =Q15+(Q16-Q15)*(S63-S15)/(S16-S15) -> 0.050659253 | U63: =O63*T63 -> 2644.9196
C64: 46 | F64: 2013 | G64: 8 | H64: 32 | I64: 12 | J64: 16 | O64: 53034 | Q64: =O64*$Q$15 -> 2791.6001 | S64: =H64*24+I64+J64/60+K64/3600 -> 780.26667 | T64: =Q15+(Q16-Q15)*(S64-S15)/(S16-S15) -> 0.050622268 | U64: =O64*T64 -> 2684.7014
C65: 47 | F65: 2013 | G65: 8 | H65: 32 | I65: 12 | J65: 17 | O65: 72752 | Q65: =O65*$Q$15 -> 3829.5149 | S65: =H65*24+I65+J65/60+K65/3600 -> 780.28333 | T65: =Q15+(Q16-Q15)*(S65-S15)/(S16-S15) -> 0.050585284 | U65: =O65*T65 -> 3680.1806
C66: 48 | F66: 2013 | G66: 8 | H66: 32 | I66: 12 | J66: 17 | O66: 43072 | Q66: =O66*$Q$15 -> 2267.2211 | S66: =H66*24+I66+J66/60+K66/3600 -> 780.28333 | T66: =Q15+(Q16-Q15)*(S66-S15)/(S16-S15) -> 0.050585284 | U66: =O66*T66 -> 2178.8093
C67: 49 | F67: 2013 | G67: 8 | H67: 32 | I67: 12 | J67: 18 | O67: 29898 | Q67: =O67*$Q$15 -> 1573.7689 | S67: =H67*24+I67+J67/60+K67/3600 -> 780.3 | T67: =Q15+(Q16-Q15)*(S67-S15)/(S16-S15) -> 0.050548299 | U67: =O67*T67 -> 1511.293
C68: 50 | F68: 2013 | G68: 8 | H68: 32 | I68: 12 | J68: 19 | O68: 38621 | Q68: =O68*$Q$15 -> 2032.9296 | S68: =H68*24+I68+J68/60+K68/3600 -> 780.31667 | T68: =Q15+(Q16-Q15)*(S68-S15)/(S16-S15) -> 0.050511314 | U68: =O68*T68 -> 1950.7975
C69: 51 | F69: 2013 | G69: 8 | H69: 32 | I69: 12 | J69: 20 | O69: 32965 | Q69: =O69*$Q$15 -> 1735.2095 | S69: =H69*24+I69+J69/60+K69/3600 -> 780.33333 | T69: =Q15+(Q16-Q15)*(S69-S15)/(S16-S15) -> 0.05047433 | U69: =O69*T69 -> 1663.8863
C70: 52 | F70: 2013 | G70: 8 | H70: 32 | I70: 12 | J70: 21 | O70: 29018 | Q70: =O70*$Q$15 -> 1527.4475 | S70: =H70*24+I70+J70/60+K70/3600 -> 780.35 | T70: =Q15+(Q16-Q15)*(S70-S15)/(S16-S15) -> 0.050437345 | U70: =O70*T70 -> 1463.5909
C71: 53 | F71: 2013 | G71: 8 | H71: 32 | I71: 12 | J71: 22 | O71: 76218 | Q71: =O71*$Q$15 -> 4011.958 | S71: =H71*24+I71+J71/60+K71/3600 -> 780.36667 | T71: =Q15+(Q16-Q15)*(S71-S15)/(S16-S15) -> 0.05040036 | U71: =O71*T71 -> 3841.4147
C72: 54 | F72: 2013 | G72: 8 | H72: 32 | I72: 12 | J72: 23 | O72: 50165 | Q72: =O72*$Q$15 -> 2640.5819 | S72: =H72*24+I72+J72/60+K72/3600 -> 780.38333 | T72: =Q15+(Q16-Q15)*(S72-S15)/(S16-S15) -> 0.050363376 | U72: =O72*T72 -> 2526.4787
C73: 55 | F73: 2013 | G73: 8 | H73: 32 | I73: 12 | J73: 24 | O73: 52331 | Q73: =O73*$Q$15 -> 2754.5957 | S73: =H73*24+I73+J73/60+K73/3600 -> 780.4 | T73: =Q15+(Q16-Q15)*(S73-S15)/(S16-S15) -> 0.050326391 | U73: =O73*T73 -> 2633.6304
C74: 56 | F74: 2013 | G74: 8 | H74: 32 | I74: 12 | J74: 24 | O74: 165011 | Q74: =O74*$Q$15 -> 8685.838 | S74: =H74*24+I74+J74/60+K74/3600 -> 780.4 | T74: =Q15+(Q16-Q15)*(S74-S15)/(S16-S15) -> 0.050326391 | U74: =O74*T74 -> 8304.4081
C75: 57 | F75: 2013 | G75: 8 | H75: 32 | I75: 12 | J75: 26 | O75: 176150 | Q75: =O75*$Q$15 -> 9272.1719 | S75: =H75*24+I75+J75/60+K75/3600 -> 780.43333 | T75: =Q15+(Q16-Q15)*(S75-S15)/(S16-S15) -> 0.050252422 | U75: =O75*T75 -> 8851.964
C76: 58 | F76: 2013 | G76: 8 | H76: 32 | I76: 12 | J76: 27 | O76: 229725 | Q76: =O76*$Q$15 -> 12092.249 | S76: =H76*24+I76+J76/60+K76/3600 -> 780.45 | T76: =Q15+(Q16-Q15)*(S76-S15)/(S16-S15) -> 0.050215437 | U76: =O76*T76 -> 11535.741
C77: 59 | F77: 2013 | G77: 8 | H77: 32 | I77: 12 | J77: 28 | O77: 280883 | Q77: =O77*$Q$15 -> 14785.101 | S77: =H77*24+I77+J77/60+K77/3600 -> 780.46667 | T77: =Q15+(Q16-Q15)*(S77-S15)/(S16-S15) -> 0.050178452 | U77: =O77*T77 -> 14094.274
C78: 60 | F78: 2013 | G78: 8 | H78: 32 | I78: 12 | J78: 29 | O78: 176394 | Q78: =O78*$Q$15 -> 9285.0156 | S78: =H78*24+I78+J78/60+K78/3600 -> 780.48333 | T78: =Q15+(Q16-Q15)*(S78-S15)/(S16-S15) -> 0.050141467 | U78: =O78*T78 -> 8844.654
C79: 61 | F79: 2013 | G79: 8 | H79: 32 | I79: 12 | J79: 29 | O79: 319911 | Q79: =O79*$Q$15 -> 16839.454 | S79: =H79*24+I79+J79/60+K79/3600 -> 780.48333 | T79: =Q15+(Q16-Q15)*(S79-S15)/(S16-S15) -> 0.050141467 | U79: =O79*T79 -> 16040.807
C80: 62 | F80: 2013 | G80: 8 | H80: 32 | I80: 12 | J80: 30 | O80: 143318 | Q80: =O80*$Q$15 -> 7543.9633 | S80: =H80*24+I80+J80/60+K80/3600 -> 780.5 | T80: =Q15+(Q16-Q15)*(S80-S15)/(S16-S15) -> 0.050104483 | U80: =O80*T80 -> 7180.8743
C81: 63 | F81: 2013 | G81: 8 | H81: 32 | I81: 12 | J81: 33 | O81: 128890 | Q81: =O81*$Q$15 -> 6784.5032 | S81: =H81*24+I81+J81/60+K81/3600 -> 780.55 | T81: =Q15+(Q16-Q15)*(S81-S15)/(S16-S15) -> 0.049993529 | U81: =O81*T81 -> 6443.6659
C82: 64 | F82: 2013 | G82: 8 | H82: 32 | I82: 12 | J82: 32 | O82: 90645 | Q82: =O82*$Q$15 -> 4771.3654 | S82: =H82*24+I82+J82/60+K82/3600 -> 780.53333 | T82: =Q15+(Q16-Q15)*(S82-S15)/(S16-S15) -> 0.050030513 | U82: =O82*T82 -> 4535.0159
C83: 65 | F83: 2013 | G83: 8 | H83: 32 | I83: 12 | J83: 33 | O83: 113426 | Q83: =O83*$Q$15 -> 5970.5102 | S83: =H83*24+I83+J83/60+K83/3600 -> 780.55 | T83: =Q15+(Q16-Q15)*(S83-S15)/(S16-S15) -> 0.049993529 | U83: =O83*T83 -> 5670.566
C84: 66 | F84: 2013 | G84: 8 | H84: 32 | I84: 12 | J84: 34 | O84: 138970 | Q84: =O84*$Q$15 -> 7315.0936 | S84: =H84*24+I84+J84/60+K84/3600 -> 780.56667 | T84: =Q15+(Q16-Q15)*(S84-S15)/(S16-S15) -> 0.049956544 | U84: =O84*T84 -> 6942.4609
C85: 67 | F85: 2013 | G85: 8 | H85: 32 | I85: 12 | J85: 37 | O85: 186885 | Q85: =O85*$Q$15 -> 9837.2401 | S85: =H85*24+I85+J85/60+K85/3600 -> 780.61667 | T85: =Q$15+(Q$16-Q$15)*(S85-S$15)/(S$16-S$15) -> 0.04984559 | U85: =O85*T85 -> 9315.3931
C86: 68 | F86: 2013 | G86: 8 | H86: 32 | I86: 12 | J86: 36 | O86: 128982 | Q86: =O86*$Q$15 -> 6789.3459 | S86: =H86*24+I86+J86/60+K86/3600 -> 780.6 | T86: =Q$15+(Q$16-Q$15)*(S86-S$15)/(S$16-S$15) -> 0.049882575 | U86: =O86*T86 -> 6433.9543
C87: 69 | F87: 2013 | G87: 8 | H87: 32 | I87: 12 | J87: 38 | O87: 147006 | Q87: =O87*$Q$15 -> 7738.092 | S87: =H87*24+I87+J87/60+K87/3600 -> 780.63333 | T87: =Q$15+(Q$16-Q$15)*(S87-S$15)/(S$16-S$15) -> 0.049808605 | U87: =O87*T87 -> 7322.1638
C88: 70 | F88: 2013 | G88: 8 | H88: 32 | I88: 12 | J88: 38 | O88: 645840 | Q88: =O88*$Q$15 -> 33995.683 | S88: =H88*24+I88+J88/60+K88/3600 -> 780.63333 | T88: =Q$15+(Q$16-Q$15)*(S88-S$15)/(S$16-S$15) -> 0.049808605 | U88: =O88*T88 -> 32168.39
C89: 71 | F89: 2013 | G89: 8 | H89: 32 | I89: 12 | J89: 40 | O89: 194616 | Q89: =O89*$Q$15 -> 10244.184 | S89: =H89*24+I89+J89/60+K89/3600 -> 780.66667 | T89: =Q$15+(Q$16-Q$15)*(S89-S$15)/(S$16-S$15) -> 0.049734636 | U89: =O89*T89 -> 9679.1559
C90: 72 | F90: 2013 | G90: 8 | H90: 32 | I90: 12 | J90: 41 | O90: 242096 | Q90: =O90*$Q$15 -> 12743.433 | S90: =H90*24+I90+J90/60+K90/3600 -> 780.68333 | T90: =Q$15+(Q$16-Q$15)*(S90-S$15)/(S$16-S$15) -> 0.049697651 | U90: =O90*T90 -> 12031.603
C91: 73 | F91: 2013 | G91: 8 | H91: 32 | I91: 12 | J91: 44 | O91: 234707 | Q91: =O91*$Q$15 -> 12354.491 | S91: =H91*24+I91+J91/60+K91/3600 -> 780.73333 | T91: =Q$15+(Q$16-Q$15)*(S91-S$15)/(S$16-S$15) -> 0.049586697 | U91: =O91*T91 -> 11638.345
C92: 74 | F92: 2013 | G92: 8 | H92: 32 | I92: 12 | J92: 43 | O92: 225674 | Q92: =O92*$Q$15 -> 11879.013 | S92: =H92*24+I92+J92/60+K92/3600 -> 780.71667 | T92: =Q$15+(Q$16-Q$15)*(S92-S$15)/(S$16-S$15) -> 0.049623682 | U92: =O92*T92 -> 11198.775
C93: 75 | F93: 2013 | G93: 8 | H93: 32 | I93: 12 | J93: 45 | O93: 240555 | Q93: =O93*$Q$15 -> 12662.318 | S93: =H93*24+I93+J93/60+K93/3600 -> 780.75 | T93: =Q$15+(Q$16-Q$15)*(S93-S$15)/(S$16-S$15) -> 0.049549713 | U93: =O93*T93 -> 11919.431
C94: 76 | F94: 2013 | G94: 8 | H94: 32 | I94: 12 | J94: 46 | O94: 143200 | Q94: =O94*$Q$15 -> 7537.752 | S94: =H94*24+I94+J94/60+K94/3600 -> 780.76667 | T94: =Q$15+(Q$16-Q$15)*(S94-S$15)/(S$16-S$15) -> 0.049512728 | U94: =O94*T94 -> 7090.2226
C95: 77 | F95: 2013 | G95: 8 | H95: 32 | I95: 12 | J95: 47 | O95: 88443 | Q95: =O95*$Q$15 -> 4655.4567 | S95: =H95*24+I95+J95/60+K95/3600 -> 780.78333 | T95: =Q$15+(Q$16-Q$15)*(S95-S$15)/(S$16-S$15) -> 0.049475743 | U95: =O95*T95 -> 4375.7832
C96: 78 | F96: 2013 | G96: 8 | H96: 32 | I96: 12 | J96: 48 | O96: 97817 | Q96: =O96*$Q$15 -> 5148.8847 | S96: =H96*24+I96+J96/60+K96/3600 -> 780.8 | T96: =Q$15+(Q$16-Q$15)*(S96-S$15)/(S$16-S$15) -> 0.049438759 | U96: =O96*T96 -> 4835.9511
... C102: 84 | F102: 2013 | G102: 8 | H102: 32 | I102: 12 | J102: 53 | O102: 373944 | Q102: =O102*$Q$15 -> 19683.639 | S102: =H102*24+I102+J102/60+K102/3600 -> 780.88333 | T102: =Q$15+(Q$16-Q$15)*(S102-S$15)/(S$16-S$15) -> 0.049253835 | U102: =O102*T102 -> 18418.176

Sheet 8-5-13 final 1
B1: 区・条件 | C1: STD ppm | F1: year | G1: month | H1: day | I1: hh | J1: mm | K1: ss | L1: sample number | M1: CO2rt | N1: CO2hi | O1: CO2area | P1: 右は計算領域 | Q1: CO2(ppm)初期標準 | R1: ドリフト時計算 | S1: 絶対時間（ｈ） | T1: ドリフトstd factor | U1: CO2(ppm) | X1: 41487
C2: CO2 0.9047% | D2: sample前 | F2: 2013 | G2: 8 | H2: 36 | I2: 11 | J2: 20 | O2: 167928 | S2: =H2*24+I2+J2/60+K2/3600 -> 875.33333 | X2: had to enter date as 8/32 for formulae in column S
B3: CO２ | C3: CO2 0.9047% | D3: sample前 | F3: 2013 | G3: 8 | H3: 36 | I3: 11 | J3: 21 | O3: 165763 | S3: =H3*24+I3+J3/60+K3/3600 -> 875.35
B4: 9047 | C4: CO2 0.9047% | D4: sample前 | F4: 2013 | G4: 8 | H4: 36 | I4: 11 | J4: 22 | O4: 168998 | S4: =H4*24+I4+J4/60+K4/3600 -> 875.36667
C5: CO2 0.9047% | D5: sample前 | F5: 2013 | G5: 8 | H5: 36 | I5: 11 | J5: 23 | O5: 159896 | S5: =H5*24+I5+J5/60+K5/3600 -> 875.38333
C7: CO2 0.9047% | D7: sample後 | F7: 2013 | G7: 8 | H7: 36 | I7: 15 | J7: 8 | O7: 144442 | S7: =H7*24+I7+J7/60+K7/3600 -> 879.13333
C8: CO2 0.9047% | D8: sample後 | F8: 2013 | G8: 8 | H8: 36 | I8: 15 | J8: 9 | O8: 137874 | S8: =H8*24+I8+J8/60+K8/3600 -> 879.15
C9: CO2 0.9047% | D9: sample後 | F9: 2013 | G9: 8 | H9: 36 | I9: 15 | J9: 10 | O9: 113835 | S9: =H9*24+I9+J9/60+K9/3600 -> 879.16667
C10: CO2 0.9047% | D10: sample後 | F10: 2013 | G10: 8 | H10: 36 | I10: 15 | J10: 11 | O10: 136650 | S10: =H10*24+I10+J10/60+K10/3600 -> 879.18333
F11: 2013 | G11: 8 | H11: 36 | I11: 15 | J11: 12 | O11: 134803
B14: 標準パラメータ | Q14: factor
C15: CO2濃度 | D15: CO2 | F15: 9047 | G15: ppm | H15: 前 | M15: =AVERAGE(M2:M6) -> #DIV/0! | N15: =AVERAGE(N2:N6) -> #DIV/0! | O15: =AVERAGE(O2:O6) -> 165646.25 | Q15: =F15/O15 -> 0.054616389 | S15: =AVERAGE(S2:S6) -> 875.35833
H16: 後 | M16: =AVERAGE(M7:M11) -> #DIV/0! | N16: =AVERAGE(N7:N11) -> #DIV/0! | O16: =AVERAGE(O7:O11) -> 133520.8 | Q16: =F15/O16 -> 0.067757233 | S16: =AVERAGE(S7:S11) -> 879.15833
Q18: 初期std利用 | U18: ドリフト補正有
B19: 15 deg | C19: 1 | F19: 2013 | G19: 8 | H19: 36 | I19: 13 | J19: 50 | O19: 64899 | Q19: =O19*$Q$15 -> 3544.549 | S19: =H19*24+I19+J19/60+K19/3600 -> 877.83333 | T19: =Q15+(Q16-Q15)*(S19-S15)/(S16-S15) -> 0.063175228 | U19: =O19*T19 -> 4100.0091
C20: 2 | F20: 2013 | G20: 8 | H20: 36 | I20: 13 | J20: 53 | O20: 67731 | Q20: =O20*$Q$15 -> 3699.2226 | S20: =H20*24+I20+J20/60+K20/3600 -> 877.88333 | T20: =Q15+(Q16-Q15)*(S20-S15)/(S16-S15) -> 0.063348134 | U20: =O20*T20 -> 4290.6325
C21: 3 | F21: 2013 | G21: 8 | H21: 36 | I21: 13 | J21: 56 | O21: 81766 | Q21: =O21*$Q$15 -> 4465.7636 | S21: =H21*24+I21+J21/60+K21/3600 -> 877.93333 | T21: =Q15+(Q16-Q15)*(S21-S15)/(S16-S15) -> 0.06352104 | U21: =O21*T21 -> 5193.8614
C22: 4 | F22: 2013 | G22: 8 | H22: 36 | I22: 13 | J22: 57 | O22: 46054 | Q22: =O22*$Q$15 -> 2515.3032 | S22: =H22*24+I22+J22/60+K22/3600 -> 877.95 | T22: =Q15+(Q16-Q15)*(S22-S15)/(S16-S15) -> 0.063578675 | U22: =O22*T22 -> 2928.0523
C23: 5 | F23: 2013 | G23: 8 | H23: 36 | I23: 14 | J23: 1 | O23: 98320 | Q23: =O23*$Q$15 -> 5369.8834 | S23: =H23*24+I23+J23/60+K23/3600 -> 878.01667 | T23: =Q15+(Q16-Q15)*(S23-S15)/(S16-S15) -> 0.063809216 | U23: =O23*T23 -> 6273.7222
C24: 6 | F24: 2013 | G24: 8 | H24: 36 | I24: 14 | J24: 4 | O24: 38904 | Q24: =O24*$Q$15 -> 2124.796 | S24: =H24*24+I24+J24/60+K24/3600 -> 878.06667 | T24: =Q15+(Q16-Q15)*(S24-S15)/(S16-S15) -> 0.063982122 | U24: =O24*T24 -> 2489.1605
C25: 7 | F25: 2013 | G25: 8 | H25: 36 | I25: 14 | J25: 6 | O25: 54522 | Q25: =O25*$Q$15 -> 2977.7948 | S25: =H25*24+I25+J25/60+K25/3600 -> 878.1 | T25: =Q15+(Q16-Q15)*(S25-S15)/(S16-S15) -> 0.064097393 | U25: =O25*T25 -> 3494.7181
C26: 8 | F26: 2013 | G26: 8 | H26: 36 | I26: 14 | J26: 8 | O26: 30003 | Q26: =O26*$Q$15 -> 1638.6555 | S26: =H26*24+I26+J26/60+K26/3600 -> 878.13333 | T26: =Q15+(Q16-Q15)*(S26-S15)/(S16-S15) -> 0.064212663 | U26: =O26*T26 -> 1926.5725
C27: 9 | F27: 2013 | G27: 8 | H27: 36 | I27: 14 | J27: 10 | O27: 55955 | Q27: =O27*$Q$15 -> 3056.06 | S27: =H27*24+I27+J27/60+K27/3600 -> 878.16667 | T27: =Q15+(Q16-Q15)*(S27-S15)/(S16-S15) -> 0.064327934 | U27: =O27*T27 -> 3599.4695
C28: 10 | F28: 2013 | G28: 8 | H28: 36 | I28: 14 | J28: 13 | O28: 63718 | Q28: =O28*$Q$15 -> 3480.0471 | S28: =H28*24+I28+J28/60+K28/3600 -> 878.21667 | T28: =Q15+(Q16-Q15)*(S28-S15)/(S16-S15) -> 0.06450084 | U28: =O28*T28 -> 4109.8645
C29: 12 | F29: 2013 | G29: 8 | H29: 36 | I29: 14 | J29: 17 | O29: 56134 | Q29: =O29*$Q$15 -> 3065.8364 | S29: =H29*24+I29+J29/60+K29/3600 -> 878.28333 | T29: =Q15+(Q16-Q15)*(S29-S15)/(S16-S15) -> 0.064731381 | U29: =O29*T29 -> 3633.6313
C30: 13 | F30: 2013 | G30: 8 | H30: 36 | I30: 14 | J30: 19 | O30: 47312 | Q30: =O30*$Q$15 -> 2584.0106 | S30: =H30*24+I30+J30/60+K30/3600 -> 878.31667 | T30: =Q15+(Q16-Q15)*(S30-S15)/(S16-S15) -> 0.064846652 | U30: =O30*T30 -> 3068.0248
C31: 14 | F31: 2013 | G31: 8 | H31: 36 | I31: 14 | J31: 20 | O31: 54726 | Q31: =O31*$Q$15 -> 2988.9365 | S31: =H31*24+I31+J31/60+K31/3600 -> 878.33333 | T31: =Q15+(Q16-Q15)*(S31-S15)/(S16-S15) -> 0.064904287 | U31: =O31*T31 -> 3551.952
C32: 85 | F32: 2013 | G32: 8 | H32: 36 | I32: 14 | J32: 22 | O32: 15936 | Q32: =O32*$Q$15 -> 870.36677 | S32: =H32*24+I32+J32/60+K32/3600 -> 878.36667 | T32: =Q15+(Q16-Q15)*(S32-S15)/(S16-S15) -> 0.065019557 | U32: =O32*T32 -> 1036.1517
C33: 15 | F33: 2013 | G33: 8 | H33: 36 | I33: 14 | J33: 23 | O33: 350182 | Q33: =O33*$Q$15 -> 19125.676 | S33: =H33*24+I33+J33/60+K33/3600 -> 878.38333 | T33: =Q15+(Q16-Q15)*(S33-S15)/(S16-S15) -> 0.065077193 | U33: =O33*T33 -> 22788.861
C34: 16 | F34: 2013 | G34: 8 | H34: 36 | I34: 14 | J34: 25 | O34: 450343 | Q34: =O34*$Q$15 -> 24596.108 | S34: =H34*24+I34+J34/60+K34/3600 -> 878.41667 | T34: =Q15+(Q16-Q15)*(S34-S15)/(S16-S15) -> 0.065192463 | U34: =O34*T34 -> 29358.969
C35: 17 | F35: 2013 | G35: 8 | H35: 36 | I35: 14 | J35: 27 | O35: 209618 | Q35: =O35*$Q$15 -> 11448.578 | S35: =H35*24+I35+J35/60+K35/3600 -> 878.45 | T35: =Q15+(Q16-Q15)*(S35-S15)/(S16-S15) -> 0.065307734 | U35: =O35*T35 -> 13689.677
C36: 18 | F36: 2013 | G36: 8 | H36: 36 | I36: 14 | J36: 28 | O36: 381640 | Q36: =O36*$Q$15 -> 20843.799 | S36: =H36*24+I36+J36/60+K36/3600 -> 878.46667 | T36: =Q15+(Q16-Q15)*(S36-S15)/(S16-S15) -> 0.065365369 | U36: =O36*T36 -> 24946.039
C37: 19 | F37: 2013 | G37: 8 | H37: 36 | I37: 14 | J37: 300 | O37: 365208 | Q37: =O37*$Q$15 -> 19946.342 | S37: =H37*24+I37+J37/60+K37/3600 -> 883 | T37: =Q15+(Q16-Q15)*(S37-S15)/(S16-S15) -> 0.081042166 | U37: =O37*T37 -> 29597.247
C38: 20 | F38: 2013 | G38: 8 | H38: 36 | I38: 14 | J38: 31 | O38: 120042 | Q38: =O38*$Q$15 -> 6556.2605 | S38: =H38*24+I38+J38/60+K38/3600 -> 878.51667 | T38: =Q15+(Q16-Q15)*(S38-S15)/(S16-S15) -> 0.065538275 | U38: =O38*T38 -> 7867.3456
C39: 21 | F39: 2013 | G39: 8 | H39: 36 | I39: 14 | J39: 34 | O39: 111146 | Q39: =O39*$Q$15 -> 6070.3932 | S39: =H39*24+I39+J39/60+K39/3600 -> 878.56667 | T39: =Q15+(Q16-Q15)*(S39-S15)/(S16-S15) -> 0.065711181 | U39: =O39*T39 -> 7303.5349
C40: 22 | F40: 2013 | G40: 8 | H40: 36 | I40: 14 | J40: 35 | O40: 112819 | Q40: =O40*$Q$15 -> 6161.7664 | S40: =H40*24+I40+J40/60+K40/3600 -> 878.58333 | T40: =Q15+(Q16-Q15)*(S40-S15)/(S16-S15) -> 0.065768816 | U40: =O40*T40 -> 7419.9721
C41: 23 | F41: 2013 | G41: 8 | H41: 36 | I41: 14 | J41: 37 | O41: 111296 | Q41: =O41*$Q$15 -> 6078.5856 | S41: =H41*24+I41+J41/60+K41/3600 -> 878.61667 | T41: =Q15+(Q16-Q15)*(S41-S15)/(S16-S15) -> 0.065884087 | U41: =O41*T41 -> 7332.6353
C42: 24 | F42: 2013 | G42: 8 | H42: 36 | I42: 14 | J42: 39 | O42: 87062 | Q42: =O42*$Q$15 -> 4755.012 | S42: =H42*24+I42+J42/60+K42/3600 -> 878.65 | T42: =Q15+(Q16-Q15)*(S42-S15)/(S16-S15) -> 0.065999357 | U42: =O42*T42 -> 5746.036 | X42: ??? Check scroll!!!
C43: 25 | F43: 2013 | G43: 8 | H43: 36 | I43: 14 | J43: 41 | O43: 159718 | Q43: =O43*$Q$15 -> 8723.2204 | S43: =H43*24+I43+J43/60+K43/3600 -> 878.68333 | T43: =Q15+(Q16-Q15)*(S43-S15)/(S16-S15) -> 0.066114628 | U43: =O43*T43 -> 10559.696
C44: 26 | F44: 2013 | G44: 8 | H44: 36 | I44: 14 | J44: 42 | O44: 104819 | Q44: =O44*$Q$15 -> 5724.8353 | S44: =H44*24+I44+J44/60+K44/3600 -> 878.7 | T44: =Q15+(Q16-Q15)*(S44-S15)/(S16-S15) -> 0.066172263 | U44: =O44*T44 -> 6936.1104
C45: 27 | F45: 2013 | G45: 8 | H45: 36 | I45: 14 | J45: 44 | O45: 192170 | Q45: =O45*$Q$15 -> 10495.631 | S45: =H45*24+I45+J45/60+K45/3600 -> 878.73333 | T45: =Q15+(Q16-Q15)*(S45-S15)/(S16-S15) -> 0.066287534 | U45: =O45*T45 -> 12738.475
C46: 28 | F46: 2013 | G46: 8 | H46: 36 | I46: 14 | J46: 46 | O46: 361005 | Q46: =O46*$Q$15 -> 19716.789 | S46: =H46*24+I46+J46/60+K46/3600 -> 878.76667 | T46: =Q15+(Q16-Q15)*(S46-S15)/(S16-S15) -> 0.066402804 | U46: =O46*T46 -> 23971.744
C47: 29 | F47: 2013 | G47: 8 | H47: 36 | I47: 14 | J47: 47 | O47: 310893 | Q47: =O47*$Q$15 -> 16979.853 | S47: =H47*24+I47+J47/60+K47/3600 -> 878.78333 | T47: =Q15+(Q16-Q15)*(S47-S15)/(S16-S15) -> 0.066460439 | U47: =O47*T47 -> 20662.085
C48: 30 | F48: 2013 | G48: 8 | H48: 36 | I48: 14 | J48: 48 | O48: 254930 | Q48: =O48*$Q$15 -> 13923.356 | S48: =H48*24+I48+J48/60+K48/3600 -> 878.8 | T48: =Q15+(Q16-Q15)*(S48-S15)/(S16-S15) -> 0.066518075 | U48: =O48*T48 -> 16957.453
C49: 31 | F49: 2013 | G49: 8 | H49: 36 | I49: 14 | J49: 50 | O49: 235303 | Q49: =O49*$Q$15 -> 12851.4 | S49: =H49*24+I49+J49/60+K49/3600 -> 878.83333 | T49: =Q15+(Q16-Q15)*(S49-S15)/(S16-S15) -> 0.066633345 | U49: =O49*T49 -> 15679.026
C50: 32 | F50: 2013 | G50: 8 | H50: 36 | I50: 14 | J50: 52 | O50: 272771 | Q50: =O50*$Q$15 -> 14897.767 | S50: =H50*24+I50+J50/60+K50/3600 -> 878.86667 | T50: =Q15+(Q16-Q15)*(S50-S15)/(S16-S15) -> 0.066748616 | U50: =O50*T50 -> 18207.087
C51: 33 | F51: 2013 | G51: 8 | H51: 36 | I51: 14 | J51: 54 | O51: 343691 | Q51: =O51*$Q$15 -> 18771.161 | S51: =H51*24+I51+J51/60+K51/3600 -> 878.9 | T51: =Q15+(Q16-Q15)*(S51-S15)/(S16-S15) -> 0.066863886 | U51: =O51*T51 -> 22980.516
C52: 34 | F52: 2013 | G52: 8 | H52: 36 | I52: 14 | J52: 55 | O52: 70515 | Q52: =O52*$Q$15 -> 3851.2747 | S52: =H52*24+I52+J52/60+K52/3600 -> 878.91667 | T52: =Q15+(Q16-Q15)*(S52-S15)/(S16-S15) -> 0.066921522 | U52: =O52*T52 -> 4718.9711
C53: 35 | F53: 2013 | G53: 8 | H53: 36 | I53: 14 | J53: 57 | O53: 115856 | Q53: =O53*$Q$15 -> 6327.6363 | S53: =H53*24+I53+J53/60+K53/3600 -> 878.95 | T53: =Q15+(Q16-Q15)*(S53-S15)/(S16-S15) -> 0.067036792 | U53: =O53*T53 -> 7766.6146
C54: 36 | F54: 2013 | G54: 8 | H54: 36 | I54: 14 | J54: 59 | O54: 109768 | Q54: =O54*$Q$15 -> 5995.1318 | S54: =H54*24+I54+J54/60+K54/3600 -> 878.98333 | T54: =Q15+(Q16-Q15)*(S54-S15)/(S16-S15) -> 0.067152063 | U54: =O54*T54 -> 7371.1476
C55: 37 | F55: 2013 | G55: 8 | H55: 36 | I55: 15 | J55: 0 | O55: 68358 | Q55: =O55*$Q$15 -> 3733.4671 | S55: =H55*24+I55+J55/60+K55/3600 -> 879 | T55: =Q15+(Q16-Q15)*(S55-S15)/(S16-S15) -> 0.067209698 | U55: =O55*T55 -> 4594.3205
C56: 38 | F56: 2013 | G56: 8 | H56: 36 | I56: 15 | J56: 2 | O56: 109197 | Q56: =O56*$Q$15 -> 5963.9458 | S56: =H56*24+I56+J56/60+K56/3600 -> 879.03333 | T56: =Q15+(Q16-Q15)*(S56-S15)/(S16-S15) -> 0.067324969 | U56: =O56*T56 -> 7351.6846
C57: 39 | F57: 2013 | G57: 8 | H57: 36 | I57: 15 | J57: 3 | O57: 221818 | Q57: =O57*$Q$15 -> 12114.898 | S57: =H57*24+I57+J57/60+K57/3600 -> 879.05 | T57: =Q15+(Q16-Q15)*(S57-S15)/(S16-S15) -> 0.067382604 | U57: =O57*T57 -> 14946.674
C58: 40 | F58: 2013 | G58: 8 | H58: 36 | I58: 15 | J58: 5 | O58: 220224 | Q58: =O58*$Q$15 -> 12027.84 | S58: =H58*24+I58+J58/60+K58/3600 -> 879.08333 | T58: =Q15+(Q16-Q15)*(S58-S15)/(S16-S15) -> 0.067497875 | U58: =O58*T58 -> 14864.652
C59: 41 | F59: 2013 | G59: 8 | H59: 36 | I59: 15 | J59: 6 | O59: 120891 | Q59: =O59*$Q$15 -> 6602.6299 | S59: =H59*24+I59+J59/60+K59/3600 -> 879.1 | T59: =Q15+(Q16-Q15)*(S59-S15)/(S16-S15) -> 0.06755551 | U59: =O59*T59 -> 8166.8531
C60: 42 | F60: 2013 | G60: 8 | H60: 36 | I60: 15 | J60: 8 | O60: 484898 | Q60: =O60*$Q$15 -> 26483.378 | S60: =H60*24+I60+J60/60+K60/3600 -> 879.13333 | T60: =Q15+(Q16-Q15)*(S60-S15)/(S16-S15) -> 0.06767078 | U60: =O60*T60 -> 32813.426
B61: 25 deg | C61: 43 | F61: 2013 | G61: 8 | H61: 36 | I61: 11 | J61: 55 | O61: 86885 | Q61: =O61*$Q$15 -> 4745.3449 | S61: =H61*24+I61+J61/60+K61/3600 -> 875.91667 | T61: =Q15+(Q16-Q15)*(S61-S15)/(S16-S15) -> 0.056547171 | U61: =O61*T61 -> 4913.1009
C62: 44 | F62: 2013 | G62: 8 | H62: 36 | I62: 11 | J62: 57 | O62: 126976 | Q62: =O62*$Q$15 -> 6934.9706 | S62: =H62*24+I62+J62/60+K62/3600 -> 875.95 | T62: =Q15+(Q16-Q15)*(S62-S15)/(S16-S15) -> 0.056662441 | U62: =O62*T62 -> 7194.7702
C63: 45 | F63: 2013 | G63: 8 | H63: 36 | I63: 11 | J63: 59 | O63: 81187 | Q63: =O63*$Q$15 -> 4434.1408 | S63: =H63*24+I63+J63/60+K63/3600 -> 875.98333 | T63: =Q15+(Q16-Q15)*(S63-S15)/(S16-S15) -> 0.056777712 | U63: =O63*T63 -> 4609.6121
C64: 46 | F64: 2013 | G64: 8 | H64: 36 | I64: 12 | J64: 2 | O64: 15163 | Q64: =O64*$Q$15 -> 828.1483 | S64: =H64*24+I64+J64/60+K64/3600 -> 876.03333 | T64: =Q15+(Q16-Q15)*(S64-S15)/(S16-S15) -> 0.056950618 | U64: =O64*T64 -> 863.54222
C65: 47 | F65: 2013 | G65: 8 | H65: 36 | I65: 12 | J65: 4 | O65: 100123 | Q65: =O65*$Q$15 -> 5468.3567 | S65: =H65*24+I65+J65/60+K65/3600 -> 876.06667 | T65: =Q15+(Q16-Q15)*(S65-S15)/(S16-S15) -> 0.057065888 | U65: =O65*T65 -> 5713.6079
C66: 48 | F66: 2013 | G66: 8 | H66: 36 | I66: 12 | J66: 6 | O66: 54016 | Q66: =O66*$Q$15 -> 2950.1589 | S66: =H66*24+I66+J66/60+K66/3600 -> 876.1 | T66: =Q15+(Q16-Q15)*(S66-S15)/(S16-S15) -> 0.057181159 | U66: =O66*T66 -> 3088.6975
C67: 49 | F67: 2013 | G67: 8 | H67: 36 | I67: 12 | J67: 8 | O67: 40482 | Q67: =O67*$Q$15 -> 2210.9807 | S67: =H67*24+I67+J67/60+K67/3600 -> 876.13333 | T67: =Q15+(Q16-Q15)*(S67-S15)/(S16-S15) -> 0.057296429 | U67: =O67*T67 -> 2319.4741
C68: 50 | F68: 2013 | G68: 8 | H68: 36 | I68: 12 | J68: 10 | O68: 50330 | Q68: =O68*$Q$15 -> 2748.8429 | S68: =H68*24+I68+J68/60+K68/3600 -> 876.16667 | T68: =Q15+(Q16-Q15)*(S68-S15)/(S16-S15) -> 0.0574117 | U68: =O68*T68 -> 2889.5309
C69: 51 | F69: 2013 | G69: 8 | H69: 36 | I69: 12 | J69: 12 | O69: 41597 | Q69: =O69*$Q$15 -> 2271.8779 | S69: =H69*24+I69+J69/60+K69/3600 -> 876.2 | T69: =Q15+(Q16-Q15)*(S69-S15)/(S16-S15) -> 0.057526971 | U69: =O69*T69 -> 2392.9494
C70: 52 | F70: 2013 | G70: 8 | H70: 36 | I70: 12 | J70: 14 | O70: 38795 | Q70: =O70*$Q$15 -> 2118.8428 | S70: =H70*24+I70+J70/60+K70/3600 -> 876.23333 | T70: =Q15+(Q16-Q15)*(S70-S15)/(S16-S15) -> 0.057642241 | U70: =O70*T70 -> 2236.2307
C71: 53 | F71: 2013 | G71: 8 | H71: 36 | I71: 12 | J71: 16 | O71: 102621 | Q71: =O71*$Q$15 -> 5604.7884 | S71: =H71*24+I71+J71/60+K71/3600 -> 876.26667 | T71: =Q15+(Q16-Q15)*(S71-S15)/(S16-S15) -> 0.057757512 | U71: =O71*T71 -> 5927.1336
C72: 54 | F72: 2013 | G72: 8 | H72: 36 | I72: 12 | J72: 18 | O72: 87546 | Q72: =O72*$Q$15 -> 4781.4464 | S72: =H72*24+I72+J72/60+K72/3600 -> 876.3 | T72: =Q15+(Q16-Q15)*(S72-S15)/(S16-S15) -> 0.057872782 | U72: =O72*T72 -> 5066.5306
C73: 55 | F73: 2013 | G73: 8 | H73: 36 | I73: 12 | J73: 21 | O73: 81152 | Q73: =O73*$Q$15 -> 4432.2292 | S73: =H73*24+I73+J73/60+K73/3600 -> 876.35 | T73: =Q15+(Q16-Q15)*(S73-S15)/(S16-S15) -> 0.058045688 | U73: =O73*T73 -> 4710.5237
C74: 56 | F74: 2013 | G74: 8 | H74: 36 | I74: 12 | J74: 24 | O74: 147570 | Q74: =O74*$Q$15 -> 8059.7405 | S74: =H74*24+I74+J74/60+K74/3600 -> 876.4 | T74: =Q15+(Q16-Q15)*(S74-S15)/(S16-S15) -> 0.058218594 | U74: =O74*T74 -> 8591.3179
C75: 57 | F75: 2013 | G75: 8 | H75: 36 | I75: 12 | J75: 34 | O75: 318560 | Q75: =O75*$Q$15 -> 17398.597 | S75: =H75*24+I75+J75/60+K75/3600 -> 876.56667 | T75: =Q15+(Q16-Q15)*(S75-S15)/(S16-S15) -> 0.058794947 | U75: =O75*T75 -> 18729.718
C76: 58 | F76: 2013 | G76: 8 | H76: 36 | I76: 12 | J76: 36 | O76: 339234 | Q76: =O76*$Q$15 -> 18527.736 | S76: =H76*24+I76+J76/60+K76/3600 -> 876.6 | T76: =Q15+(Q16-Q15)*(S76-S15)/(S16-S15) -> 0.058910217 | U76: =O76*T76 -> 19984.349
C77: 59 | F77: 2013 | G77: 8 | H77: 36 | I77: 12 | J77: 38 | O77: 360342 | Q77: =O77*$Q$15 -> 19680.579 | S77: =H77*24+I77+J77/60+K77/3600 -> 876.63333 | T77: =Q15+(Q16-Q15)*(S77-S15)/(S16-S15) -> 0.059025488 | U77: =O77*T77 -> 21269.362
C78: 60 | F78: 2013 | G78: 8 | H78: 36 | I78: 12 | J78: 41 | O78: 346803 | Q78: =O78*$Q$15 -> 18941.127 | S78: =H78*24+I78+J78/60+K78/3600 -> 876.68333 | T78: =Q15+(Q16-Q15)*(S78-S15)/(S16-S15) -> 0.059198394 | U78: =O78*T78 -> 20530.181
C79: 61 | F79: 2013 | G79: 8 | H79: 36 | I79: 12 | J79: 44 | O79: 461317 | Q79: =O79*$Q$15 -> 25195.469 | S79: =H79*24+I79+J79/60+K79/3600 -> 876.73333 | T79: =Q15+(Q16-Q15)*(S79-S15)/(S16-S15) -> 0.0593713 | U79: =O79*T79 -> 27388.99
C80: 62 | F80: 2013 | G80: 8 | H80: 36 | I80: 12 | J80: 45 | O80: 316512 | Q80: =O80*$Q$15 -> 17286.742 | S80: =H80*24+I80+J80/60+K80/3600 -> 876.75 | T80: =Q15+(Q16-Q15)*(S80-S15)/(S16-S15) -> 0.059428935 | U80: =O80*T80 -> 18809.971
C81: 63 | F81: 2013 | G81: 8 | H81: 36 | I81: 12 | J81: 47 | O81: 234288 | Q81: =O81*$Q$15 -> 12795.965 | S81: =H81*24+I81+J81/60+K81/3600 -> 876.78333 | T81: =Q15+(Q16-Q15)*(S81-S15)/(S16-S15) -> 0.059544206 | U81: =O81*T81 -> 13950.493
C82: 64 | F82: 2013 | G82: 8 | H82: 36 | I82: 12 | J82: 49 | O82: 193357 | Q82: =O82*$Q$15 -> 10560.461 | S82: =H82*24+I82+J82/60+K82/3600 -> 876.81667 | T82: =Q15+(Q16-Q15)*(S82-S15)/(S16-S15) -> 0.059659476 | U82: =O82*T82 -> 11535.577
C83: 65 | F83: 2013 | G83: 8 | H83: 36 | I83: 12 | J83: 51 | O83: 222979 | Q83: =O83*$Q$15 -> 12178.308 | S83: =H83*24+I83+J83/60+K83/3600 -> 876.85 | T83: =Q15+(Q16-Q15)*(S83-S15)/(S16-S15) -> 0.059774747 | U83: =O83*T83 -> 13328.513
C84: 66 | F84: 2013 | G84: 8 | H84: 36 | I84: 12 | J84: 54 | O84: 234518 | Q84: =O84*$Q$15 -> 12808.526 | S84: =H84*24+I84+J84/60+K84/3600 -> 876.9 | T84: =Q15+(Q16-Q15)*(S84-S15)/(S16-S15) -> 0.059947653 | U84: =O84*T84 -> 14058.804
C85: 67 | F85: 2013 | G85: 8 | H85: 36 | I85: 12 | J85: 55 | O85: 369293 | Q85: =O85*$Q$15 -> 20169.45 | S85: =H85*24+I85+J85/60+K85/3600 -> 876.91667 | T85: =Q$15+(Q$16-Q$15)*(S85-S$15)/(S$16-S$15) -> 0.060005288 | U85: =O85*T85 -> 22159.533
C86: 68 | F86: 2013 | G86: 8 | H86: 36 | I86: 12 | J86: 58 | O86: 303069 | Q86: =O86*$Q$15 -> 16552.534 | S86: =H86*24+I86+J86/60+K86/3600 -> 876.96667 | T86: =Q$15+(Q$16-Q$15)*(S86-S$15)/(S$16-S$15) -> 0.060178194 | U86: =O86*T86 -> 18238.145
C87: 69 | F87: 2013 | G87: 8 | H87: 36 | I87: 13 | J87: 3 | O87: 314587 | Q87: =O87*$Q$15 -> 17181.606 | S87: =H87*24+I87+J87/60+K87/3600 -> 877.05 | T87: =Q$15+(Q$16-Q$15)*(S87-S$15)/(S$16-S$15) -> 0.06046637 | U87: =O87*T87 -> 19021.934
C88: 70 | F88: 2013 | G88: 8 | H88: 36 | I88: 13 | J88: 4 | O88: 661463 | Q88: =O88*$Q$15 -> 36126.72 | S88: =H88*24+I88+J88/60+K88/3600 -> 877.06667 | T88: =Q$15+(Q$16-Q$15)*(S88-S$15)/(S$16-S$15) -> 0.060524005 | U88: =O88*T88 -> 40034.39
C89: 71 | F89: 2013 | G89: 8 | H89: 36 | I89: 13 | J89: 13 | O89: 343898 | Q89: =O89*$Q$15 -> 18782.467 | S89: =H89*24+I89+J89/60+K89/3600 -> 877.21667 | T89: =Q$15+(Q$16-Q$15)*(S89-S$15)/(S$16-S$15) -> 0.061042723 | U89: =O89*T89 -> 20992.47
C90: 72 | F90: 2013 | G90: 8 | H90: 36 | I90: 13 | J90: 16 | O90: 377923 | Q90: =O90*$Q$15 -> 20640.79 | S90: =H90*24+I90+J90/60+K90/3600 -> 877.26667 | T90: =Q$15+(Q$16-Q$15)*(S90-S$15)/(S$16-S$15) -> 0.061215629 | U90: =O90*T90 -> 23134.794
C91: 73 | F91: 2013 | G91: 8 | H91: 36 | I91: 13 | J91: 19 | O91: 200525 | Q91: =O91*$Q$15 -> 10951.951 | S91: =H91*24+I91+J91/60+K91/3600 -> 877.31667 | T91: =Q$15+(Q$16-Q$15)*(S91-S$15)/(S$16-S$15) -> 0.061388535 | U91: =O91*T91 -> 12309.936
C92: 74 | F92: 2013 | G92: 8 | H92: 36 | I92: 13 | J92: 21 | O92: 368000 | Q92: =O92*$Q$15 -> 20098.831 | S92: =H92*24+I92+J92/60+K92/3600 -> 877.35 | T92: =Q$15+(Q$16-Q$15)*(S92-S$15)/(S$16-S$15) -> 0.061503805 | U92: =O92*T92 -> 22633.4
C93: 75 | F93: 2013 | G93: 8 | H93: 36 | I93: 13 | J93: 23 | O93: 399677 | Q93: =O93*$Q$15 -> 21828.914 | S93: =H93*24+I93+J93/60+K93/3600 -> 877.38333 | T93: =Q$15+(Q$16-Q$15)*(S93-S$15)/(S$16-S$15) -> 0.061619076 | U93: =O93*T93 -> 24627.727
C94: 76 | F94: 2013 | G94: 8 | H94: 36 | I94: 13 | J94: 26 | O94: 222490 | Q94: =O94*$Q$15 -> 12151.6 | S94: =H94*24+I94+J94/60+K94/3600 -> 877.43333 | T94: =Q$15+(Q$16-Q$15)*(S94-S$15)/(S$16-S$15) -> 0.061791982 | U94: =O94*T94 -> 13748.098
C95: 77 | F95: 2013 | G95: 8 | H95: 36 | I95: 13 | J95: 28 | O95: 180848 | Q95: =O95*$Q$15 -> 9877.2647 | S95: =H95*24+I95+J95/60+K95/3600 -> 877.46667 | T95: =Q$15+(Q$16-Q$15)*(S95-S$15)/(S$16-S$15) -> 0.061907252 | U95: =O95*T95 -> 11195.803
C96: 78 | F96: 2013 | G96: 8 | H96: 36 | I96: 13 | J96: 30 | O96: 190104 | Q96: =O96*$Q$15 -> 10382.794 | S96: =H96*24+I96+J96/60+K96/3600 -> 877.5 | T96: =Q$15+(Q$16-Q$15)*(S96-S$15)/(S$16-S$15) -> 0.062022523 | U96: =O96*T96 -> 11790.73
... C102: 84 | F102: 2013 | G102: 8 | H102: 36 | I102: 13 | J102: 42 | O102: 580295 | Q102: =O102*$Q$15 -> 31693.617 | S102: =H102*24+I102+J102/60+K102/3600 -> 877.7 | T102: =Q$15+(Q$16-Q$15)*(S102-S$15)/(S$16-S$15) -> 0.062714146 | U102: =O102*T102 -> 36392.705

Sheet 8-5-13 initial
B1: 区・条件 | C1: STD ppm | F1: year | G1: month | H1: day | I1: hh | J1: mm | K1: ss | L1: sample number | M1: CO2rt | N1: CO2hi | O1: CO2area | P1: 右は計算領域 | Q1: CO2(ppm)初期標準 | R1: ドリフト時計算 | S1: 絶対時間（ｈ） | T1: ドリフトstd factor | U1: CO2(ppm) | X1: 41491
C2: CO2 0.9047% | D2: sample前 | F2: 2013 | G2: 8 | H2: 36 | I2: 11 | J2: 50 | O2: 167928 | S2: =H2*24+I2+J2/60+K2/3600 -> 875.83333 | X2: had to enter date as 8/36 for formulae in column S
B3: CO２ | C3: CO2 0.9047% | D3: sample前 | F3: 2013 | G3: 8 | H3: 36 | I3: 11 | J3: 51 | O3: 165763 | S3: =H3*24+I3+J3/60+K3/3600 -> 875.85
B4: 9047 | C4: CO2 0.9047% | D4: sample前 | F4: 2013 | G4: 8 | H4: 36 | I4: 11 | J4: 53 | O4: 168998 | S4: =H4*24+I4+J4/60+K4/3600 -> 875.88333
C5: CO2 0.9047% | D5: sample前 | F5: 2013 | G5: 8 | H5: 36 | I5: 11 | J5: 54 | O5: 159896 | S5: =H5*24+I5+J5/60+K5/3600 -> 875.9
C7: CO2 0.9047% | D7: sample後 | F7: 2013 | G7: 8 | H7: 36 | I7: 15 | J7: 8 | O7: 144442 | S7: =H7*24+I7+J7/60+K7/3600 -> 879.13333
C8: CO2 0.9047% | D8: sample後 | F8: 2013 | G8: 8 | H8: 36 | I8: 15 | J8: 9 | O8: 137874 | S8: =H8*24+I8+J8/60+K8/3600 -> 879.15
C9: CO2 0.9047% | D9: sample後 | F9: 2013 | G9: 8 | H9: 36 | I9: 15 | J9: 10 | O9: 113835 | S9: =H9*24+I9+J9/60+K9/3600 -> 879.16667
C10: CO2 0.9047% | D10: sample後 | F10: 2013 | G10: 8 | H10: 36 | I10: 15 | J10: 11 | O10: 136650 | S10: =H10*24+I10+J10/60+K10/3600 -> 879.18333
F11: 2013 | G11: 8 | H11: 36 | I11: 15 | J11: 12 | O11: 134803 | S11: =H11*24+I11+J11/60+K11/3600 -> 879.2
B14: 標準パラメータ | Q14: factor
C15: CO2濃度 | D15: CO2 | F15: 9047 | G15: ppm | H15: 前 | M15: =AVERAGE(M2:M6) -> #DIV/0! | N15: =AVERAGE(N2:N6) -> #DIV/0! | O15: =AVERAGE(O2:O6) -> 165646.25 | Q15: =F15/O15 -> 0.054616389 | S15: =AVERAGE(S2:S6) -> 875.86667
H16: 後 | M16: =AVERAGE(M7:M11) -> #DIV/0! | N16: =AVERAGE(N7:N11) -> #DIV/0! | O16: =AVERAGE(O7:O11) -> 133520.8 | Q16: =F15/O16 -> 0.067757233 | S16: =AVERAGE(S7:S11) -> 879.16667
Q18: 初期std利用 | U18: ドリフト補正有
B19: 15 deg | C19: 1 | F19: 2013 | G19: 8 | H19: 36 | I19: 13 | J19: 52 | O19: 19955 | Q19: =O19*$Q$15 -> 1089.87 | S19: =H19*24+I19+J19/60+K19/3600 -> 877.86667 | T19: =Q15+(Q16-Q15)*(S19-S15)/(S16-S15) -> 0.062580537 | U19: =O19*T19 -> 1248.7946
C20: 2 | F20: 2013 | G20: 8 | H20: 36 | I20: 13 | J20: 55 | O20: 12893 | Q20: =O20*$Q$15 -> 704.1691 | S20: =H20*24+I20+J20/60+K20/3600 -> 877.91667 | T20: =Q15+(Q16-Q15)*(S20-S15)/(S16-S15) -> 0.062779641 | U20: =O20*T20 -> 809.41791
C21: 3 | F21: 2013 | G21: 8 | H21: 36 | I21: 13 | J21: 58 | O21: 19326 | Q21: =O21*$Q$15 -> 1055.5163 | S21: =H21*24+I21+J21/60+K21/3600 -> 877.96667 | T21: =Q15+(Q16-Q15)*(S21-S15)/(S16-S15) -> 0.062978744 | U21: =O21*T21 -> 1217.1272
C22: 4 | F22: 2013 | G22: 8 | H22: 36 | I22: 13 | J22: 59 | O22: 24432 | Q22: =O22*$Q$15 -> 1334.3876 | S22: =H22*24+I22+J22/60+K22/3600 -> 877.98333 | T22: =Q15+(Q16-Q15)*(S22-S15)/(S16-S15) -> 0.063045112 | U22: =O22*T22 -> 1540.3182
C23: 5 | F23: 2013 | G23: 8 | H23: 36 | I23: 14 | J23: 2 | O23: 16294 | Q23: =O23*$Q$15 -> 889.91944 | S23: =H23*24+I23+J23/60+K23/3600 -> 878.03333 | T23: =Q15+(Q16-Q15)*(S23-S15)/(S16-S15) -> 0.063244216 | U23: =O23*T23 -> 1030.5013
C24: 6 | F24: 2013 | G24: 8 | H24: 36 | I24: 14 | J24: 5 | O24: 17672 | Q24: =O24*$Q$15 -> 965.18082 | S24: =H24*24+I24+J24/60+K24/3600 -> 878.08333 | T24: =Q15+(Q16-Q15)*(S24-S15)/(S16-S15) -> 0.06344332 | U24: =O24*T24 -> 1121.1703
C25: 7 | F25: 2013 | G25: 8 | H25: 36 | I25: 14 | J25: 7 | O25: 13435 | Q25: =O25*$Q$15 -> 733.77118 | S25: =H25*24+I25+J25/60+K25/3600 -> 878.11667 | T25: =Q15+(Q16-Q15)*(S25-S15)/(S16-S15) -> 0.063576056 | U25: =O25*T25 -> 854.14431
C26: 8 | F26: 2013 | G26: 8 | H26: 36 | I26: 14 | J26: 9 | O26: 9424 | Q26: =O26*$Q$15 -> 514.70485 | S26: =H26*24+I26+J26/60+K26/3600 -> 878.15 | T26: =Q15+(Q16-Q15)*(S26-S15)/(S16-S15) -> 0.063708791 | U26: =O26*T26 -> 600.39165
C27: 9 | F27: 2013 | G27: 8 | H27: 36 | I27: 14 | J27: 12 | O27: 19443 | Q27: =O27*$Q$15 -> 1061.9064 | S27: =H27*24+I27+J27/60+K27/3600 -> 878.2 | T27: =Q15+(Q16-Q15)*(S27-S15)/(S16-S15) -> 0.063907895 | U27: =O27*T27 -> 1242.5612
C28: 10 | F28: 2013 | G28: 8 | H28: 36 | I28: 14 | J28: 14 | O28: 13050 | Q28: =O28*$Q$15 -> 712.74387 | S28: =H28*24+I28+J28/60+K28/3600 -> 878.23333 | T28: =Q15+(Q16-Q15)*(S28-S15)/(S16-S15) -> 0.064040631 | U28: =O28*T28 -> 835.73023
C29: 12 | F29: 2013 | G29: 8 | H29: 36 | I29: 14 | J29: 18 | O29: 13437 | Q29: =O29*$Q$15 -> 733.88042 | S29: =H29*24+I29+J29/60+K29/3600 -> 878.3 | T29: =Q15+(Q16-Q15)*(S29-S15)/(S16-S15) -> 0.064306102 | U29: =O29*T29 -> 864.0811
C30: 13 | F30: 2013 | G30: 8 | H30: 36 | I30: 14 | J30: 20 | O30: 12653 | Q30: =O30*$Q$15 -> 691.06117 | S30: =H30*24+I30+J30/60+K30/3600 -> 878.33333 | T30: =Q15+(Q16-Q15)*(S30-S15)/(S16-S15) -> 0.064438838 | U30: =O30*T30 -> 815.34462
C31: 14 | F31: 2013 | G31: 8 | H31: 36 | I31: 14 | J31: 21 | O31: 14730 | Q31: =O31*$Q$15 -> 804.49941 | S31: =H31*24+I31+J31/60+K31/3600 -> 878.35 | T31: =Q15+(Q16-Q15)*(S31-S15)/(S16-S15) -> 0.064505206 | U31: =O31*T31 -> 950.16169
C32: 85 | F32: 2013 | G32: 8 | H32: 36 | I32: 14 | J32: 22 | O32: 15936 | Q32: =O32*$Q$15 -> 870.36677 | S32: =H32*24+I32+J32/60+K32/3600 -> 878.36667 | T32: =Q15+(Q16-Q15)*(S32-S15)/(S16-S15) -> 0.064571574 | U32: =O32*T32 -> 1029.0126
C33: 15 | F33: 2013 | G33: 8 | H33: 36 | I33: 14 | J33: 24 | O33: 17917 | Q33: =O33*$Q$15 -> 978.56184 | S33: =H33*24+I33+J33/60+K33/3600 -> 878.4 | T33: =Q15+(Q16-Q15)*(S33-S15)/(S16-S15) -> 0.06470431 | U33: =O33*T33 -> 1159.3071
C34: 16 | F34: 2013 | G34: 8 | H34: 36 | I34: 14 | J34: 26 | O34: 29648 | Q34: =O34*$Q$15 -> 1619.2667 | S34: =H34*24+I34+J34/60+K34/3600 -> 878.43333 | T34: =Q15+(Q16-Q15)*(S34-S15)/(S16-S15) -> 0.064837046 | U34: =O34*T34 -> 1922.2887
C35: 17 | F35: 2013 | G35: 8 | H35: 36 | I35: 14 | J35: 27 | O35: 18886 | Q35: =O35*$Q$15 -> 1031.4851 | S35: =H35*24+I35+J35/60+K35/3600 -> 878.45 | T35: =Q15+(Q16-Q15)*(S35-S15)/(S16-S15) -> 0.064903414 | U35: =O35*T35 -> 1225.7659
C36: 18 | F36: 2013 | G36: 8 | H36: 36 | I36: 14 | J36: 29 | O36: 32768 | Q36: =O36*$Q$15 -> 1789.6698 | S36: =H36*24+I36+J36/60+K36/3600 -> 878.48333 | T36: =Q15+(Q16-Q15)*(S36-S15)/(S16-S15) -> 0.065036149 | U36: =O36*T36 -> 2131.1045
C37: 19 | F37: 2013 | G37: 8 | H37: 36 | I37: 14 | J37: 31 | O37: 31952 | Q37: =O37*$Q$15 -> 1745.1029 | S37: =H37*24+I37+J37/60+K37/3600 -> 878.51667 | T37: =Q15+(Q16-Q15)*(S37-S15)/(S16-S15) -> 0.065168885 | U37: =O37*T37 -> 2082.2762
C38: 20 | F38: 2013 | G38: 8 | H38: 36 | I38: 14 | J38: 33 | O38: 17979 | Q38: =O38*$Q$15 -> 981.94805 | S38: =H38*24+I38+J38/60+K38/3600 -> 878.55 | T38: =Q15+(Q16-Q15)*(S38-S15)/(S16-S15) -> 0.065301621 | U38: =O38*T38 -> 1174.0578
C39: 21 | F39: 2013 | G39: 8 | H39: 36 | I39: 14 | J39: 35 | O39: 16602 | Q39: =O39*$Q$15 -> 906.74129 | S39: =H39*24+I39+J39/60+K39/3600 -> 878.58333 | T39: =Q15+(Q16-Q15)*(S39-S15)/(S16-S15) -> 0.065434357 | U39: =O39*T39 -> 1086.3412
C40: 22 | F40: 2013 | G40: 8 | H40: 36 | I40: 14 | J40: 36 | O40: 25725 | Q40: =O40*$Q$15 -> 1405.0066 | S40: =H40*24+I40+J40/60+K40/3600 -> 878.6 | T40: =Q15+(Q16-Q15)*(S40-S15)/(S16-S15) -> 0.065500725 | U40: =O40*T40 -> 1685.0061
C41: 23 | F41: 2013 | G41: 8 | H41: 36 | I41: 14 | J41: 38 | O41: 18703 | Q41: =O41*$Q$15 -> 1021.4903 | S41: =H41*24+I41+J41/60+K41/3600 -> 878.63333 | T41: =Q15+(Q16-Q15)*(S41-S15)/(S16-S15) -> 0.06563346 | U41: =O41*T41 -> 1227.5426
C42: 24 | F42: 2013 | G42: 8 | H42: 36 | I42: 14 | J42: 40 | O42: 20806 | Q42: =O42*$Q$15 -> 1136.3486 | S42: =H42*24+I42+J42/60+K42/3600 -> 878.66667 | T42: =Q15+(Q16-Q15)*(S42-S15)/(S16-S15) -> 0.065766196 | U42: =O42*T42 -> 1368.3315
C43: 25 | F43: 2013 | G43: 8 | H43: 36 | I43: 14 | J43: 42 | O43: 27126 | Q43: =O43*$Q$15 -> 1481.5242 | S43: =H43*24+I43+J43/60+K43/3600 -> 878.7 | T43: =Q15+(Q16-Q15)*(S43-S15)/(S16-S15) -> 0.065898932 | U43: =O43*T43 -> 1787.5744
C44: 26 | F44: 2013 | G44: 8 | H44: 36 | I44: 14 | J44: 43 | O44: 11741 | Q44: =O44*$Q$15 -> 641.25102 | S44: =H44*24+I44+J44/60+K44/3600 -> 878.71667 | T44: =Q15+(Q16-Q15)*(S44-S15)/(S16-S15) -> 0.0659653 | U44: =O44*T44 -> 774.49859
C45: 27 | F45: 2013 | G45: 8 | H45: 36 | I45: 14 | J45: 45 | O45: 22938 | Q45: =O45*$Q$15 -> 1252.7907 | S45: =H45*24+I45+J45/60+K45/3600 -> 878.75 | T45: =Q15+(Q16-Q15)*(S45-S15)/(S16-S15) -> 0.066098036 | U45: =O45*T45 -> 1516.1567
C46: 28 | F46: 2013 | G46: 8 | H46: 36 | I46: 14 | J46: 46 | O46: 361005 | Q46: =O46*$Q$15 -> 19716.789 | S46: =H46*24+I46+J46/60+K46/3600 -> 878.76667 | T46: =Q15+(Q16-Q15)*(S46-S15)/(S16-S15) -> 0.066164404 | U46: =O46*T46 -> 23885.681
C47: 29 | F47: 2013 | G47: 8 | H47: 36 | I47: 14 | J47: 48 | O47: 32386 | Q47: =O47*$Q$15 -> 1768.8064 | S47: =H47*24+I47+J47/60+K47/3600 -> 878.8 | T47: =Q15+(Q16-Q15)*(S47-S15)/(S16-S15) -> 0.066297139 | U47: =O47*T47 -> 2147.0992
C48: 30 | F48: 2013 | G48: 8 | H48: 36 | I48: 14 | J48: 49 | O48: 20430 | Q48: =O48*$Q$15 -> 1115.8128 | S48: =H48*24+I48+J48/60+K48/3600 -> 878.81667 | T48: =Q15+(Q16-Q15)*(S48-S15)/(S16-S15) -> 0.066363507 | U48: =O48*T48 -> 1355.8065
C49: 31 | F49: 2013 | G49: 8 | H49: 36 | I49: 14 | J49: 51 | O49: 19618 | Q49: =O49*$Q$15 -> 1071.4643 | S49: =H49*24+I49+J49/60+K49/3600 -> 878.85 | T49: =Q15+(Q16-Q15)*(S49-S15)/(S16-S15) -> 0.066496243 | U49: =O49*T49 -> 1304.5233
C50: 32 | F50: 2013 | G50: 8 | H50: 36 | I50: 14 | J50: 53 | O50: 14528 | Q50: =O50*$Q$15 -> 793.4669 | S50: =H50*24+I50+J50/60+K50/3600 -> 878.88333 | T50: =Q15+(Q16-Q15)*(S50-S15)/(S16-S15) -> 0.066628979 | U50: =O50*T50 -> 967.98581
C51: 33 | F51: 2013 | G51: 8 | H51: 36 | I51: 14 | J51: 54 | O51: 22099 | Q51: =O51*$Q$15 -> 1206.9676 | S51: =H51*24+I51+J51/60+K51/3600 -> 878.9 | T51: =Q15+(Q16-Q15)*(S51-S15)/(S16-S15) -> 0.066695347 | U51: =O51*T51 -> 1473.9005
C52: 34 | F52: 2013 | G52: 8 | H52: 36 | I52: 14 | J52: 56 | O52: 11656 | Q52: =O52*$Q$15 -> 636.60863 | S52: =H52*24+I52+J52/60+K52/3600 -> 878.93333 | T52: =Q15+(Q16-Q15)*(S52-S15)/(S16-S15) -> 0.066828083 | U52: =O52*T52 -> 778.94813
C53: 35 | F53: 2013 | G53: 8 | H53: 36 | I53: 14 | J53: 58 | O53: 15302 | Q53: =O53*$Q$15 -> 835.73998 | S53: =H53*24+I53+J53/60+K53/3600 -> 878.96667 | T53: =Q15+(Q16-Q15)*(S53-S15)/(S16-S15) -> 0.066960819 | U53: =O53*T53 -> 1024.6344
C54: 36 | F54: 2013 | G54: 8 | H54: 36 | I54: 14 | J54: 59 | K54: 0 | O54: 12203 | Q54: =O54*$Q$15 -> 666.48379 | S54: =H54*24+I54+J54/60+K54/3600 -> 878.98333 | T54: =Q15+(Q16-Q15)*(S54-S15)/(S16-S15) -> 0.067027186 | U54: =O54*T54 -> 817.93276
C55: 37 | F55: 2013 | G55: 8 | H55: 36 | I55: 15 | J55: 1 | O55: 11128 | Q55: =O55*$Q$15 -> 607.77118 | S55: =H55*24+I55+J55/60+K55/3600 -> 879.01667 | T55: =Q15+(Q16-Q15)*(S55-S15)/(S16-S15) -> 0.067159922 | U55: =O55*T55 -> 747.35561
C56: 38 | F56: 2013 | G56: 8 | H56: 36 | I56: 15 | J56: 2 | O56: 7811 | Q56: =O56*$Q$15 -> 426.60861 | S56: =H56*24+I56+J56/60+K56/3600 -> 879.03333 | T56: =Q15+(Q16-Q15)*(S56-S15)/(S16-S15) -> 0.06722629 | U56: =O56*T56 -> 525.10455
C57: 39 | F57: 2013 | G57: 8 | H57: 36 | I57: 15 | J57: 4 | O57: 11210 | Q57: =O57*$Q$15 -> 612.24972 | S57: =H57*24+I57+J57/60+K57/3600 -> 879.06667 | T57: =Q15+(Q16-Q15)*(S57-S15)/(S16-S15) -> 0.067359026 | U57: =O57*T57 -> 755.09468
C58: 40 | F58: 2013 | G58: 8 | H58: 36 | I58: 15 | J58: 5 | O58: 15707 | Q58: =O58*$Q$15 -> 857.85962 | S58: =H58*24+I58+J58/60+K58/3600 -> 879.08333 | T58: =Q15+(Q16-Q15)*(S58-S15)/(S16-S15) -> 0.067425394 | U58: =O58*T58 -> 1059.0507
C59: 41 | F59: 2013 | G59: 8 | H59: 36 | I59: 15 | J59: 7 | O59: 20710 | Q59: =O59*$Q$15 -> 1131.1054 | S59: =H59*24+I59+J59/60+K59/3600 -> 879.11667 | T59: =Q15+(Q16-Q15)*(S59-S15)/(S16-S15) -> 0.06755813 | U59: =O59*T59 -> 1399.1289
C60: 42 | F60: 2013 | G60: 8 | H60: 36 | I60: 15 | J60: 8 | O60: 484898 | Q60: =O60*$Q$15 -> 26483.378 | S60: =H60*24+I60+J60/60+K60/3600 -> 879.13333 | T60: =Q15+(Q16-Q15)*(S60-S15)/(S16-S15) -> 0.067624498 | U60: =O60*T60 -> 32790.984
B61: 25 deg | C61: 43 | F61: 2013 | G61: 8 | H61: 36 | I61: 11 | J61: 56 | O61: 14202 | Q61: =O61*$Q$15 -> 775.66195 | S61: =H61*24+I61+J61/60+K61/3600 -> 875.93333 | T61: =Q15+(Q16-Q15)*(S61-S15)/(S16-S15) -> 0.05488186 | U61: =O61*T61 -> 779.43218
C62: 44 | F62: 2013 | G62: 8 | H62: 36 | I62: 11 | J62: 58 | O62: 20042 | Q62: =O62*$Q$15 -> 1094.6217 | S62: =H62*24+I62+J62/60+K62/3600 -> 875.96667 | T62: =Q15+(Q16-Q15)*(S62-S15)/(S16-S15) -> 0.055014596 | U62: =O62*T62 -> 1102.6025
C63: 45 | F63: 2013 | G63: 8 | H63: 36 | I63: 12 | J63: 1 | O63: 16829 | Q63: =O63*$Q$15 -> 919.13921 | S63: =H63*24+I63+J63/60+K63/3600 -> 876.01667 | T63: =Q15+(Q16-Q15)*(S63-S15)/(S16-S15) -> 0.0552137 | U63: =O63*T63 -> 929.19136
C64: 46 | F64: 2013 | G64: 8 | H64: 36 | I64: 12 | J64: 3 | O64: 14566 | Q64: =O64*$Q$15 -> 795.54232 | S64: =H64*24+I64+J64/60+K64/3600 -> 876.05 | T64: =Q15+(Q16-Q15)*(S64-S15)/(S16-S15) -> 0.055346436 | U64: =O64*T64 -> 806.17618
C65: 47 | F65: 2013 | G65: 8 | H65: 36 | I65: 12 | J65: 5 | O65: 25016 | Q65: =O65*$Q$15 -> 1366.2836 | S65: =H65*24+I65+J65/60+K65/3600 -> 876.08333 | T65: =Q15+(Q16-Q15)*(S65-S15)/(S16-S15) -> 0.055479172 | U65: =O65*T65 -> 1387.867
C66: 48 | F66: 2013 | G66: 8 | H66: 36 | I66: 12 | J66: 7 | O66: 17400 | Q66: =O66*$Q$15 -> 950.32517 | S66: =H66*24+I66+J66/60+K66/3600 -> 876.11667 | T66: =Q15+(Q16-Q15)*(S66-S15)/(S16-S15) -> 0.055611907 | U66: =O66*T66 -> 967.64719
C67: 49 | F67: 2013 | G67: 8 | H67: 36 | I67: 12 | J67: 9 | O67: 18582 | Q67: =O67*$Q$15 -> 1014.8817 | S67: =H67*24+I67+J67/60+K67/3600 -> 876.15 | T67: =Q15+(Q16-Q15)*(S67-S15)/(S16-S15) -> 0.055744643 | U67: =O67*T67 -> 1035.847
C68: 50 | F68: 2013 | G68: 8 | H68: 36 | I68: 12 | J68: 11 | O68: 13104 | Q68: =O68*$Q$15 -> 715.69316 | S68: =H68*24+I68+J68/60+K68/3600 -> 876.18333 | T68: =Q15+(Q16-Q15)*(S68-S15)/(S16-S15) -> 0.055877379 | U68: =O68*T68 -> 732.21717
C69: 51 | F69: 2013 | G69: 8 | H69: 36 | I69: 12 | J69: 13 | O69: 12955 | Q69: =O69*$Q$15 -> 707.55532 | S69: =H69*24+I69+J69/60+K69/3600 -> 876.21667 | T69: =Q15+(Q16-Q15)*(S69-S15)/(S16-S15) -> 0.056010115 | U69: =O69*T69 -> 725.61104
C70: 52 | F70: 2013 | G70: 8 | H70: 36 | I70: 12 | J70: 15 | O70: 13277 | Q70: =O70*$Q$15 -> 725.14179 | S70: =H70*24+I70+J70/60+K70/3600 -> 876.25 | T70: =Q15+(Q16-Q15)*(S70-S15)/(S16-S15) -> 0.056142851 | U70: =O70*T70 -> 745.40863
C71: 53 | F71: 2013 | G71: 8 | H71: 36 | I71: 12 | J71: 17 | O71: 16925 | Q71: =O71*$Q$15 -> 924.38238 | S71: =H71*24+I71+J71/60+K71/3600 -> 876.28333 | T71: =Q15+(Q16-Q15)*(S71-S15)/(S16-S15) -> 0.056275586 | U71: =O71*T71 -> 952.4643
C72: 54 | F72: 2013 | G72: 8 | H72: 36 | I72: 12 | J72: 20 | O72: 16288 | Q72: =O72*$Q$15 -> 889.59174 | S72: =H72*24+I72+J72/60+K72/3600 -> 876.33333 | T72: =Q15+(Q16-Q15)*(S72-S15)/(S16-S15) -> 0.05647469 | U72: =O72*T72 -> 919.85975
C73: 55 | F73: 2013 | G73: 8 | H73: 36 | I73: 12 | J73: 22 | O73: 16570 | Q73: =O73*$Q$15 -> 904.99356 | S73: =H73*24+I73+J73/60+K73/3600 -> 876.36667 | T73: =Q15+(Q16-Q15)*(S73-S15)/(S16-S15) -> 0.056607426 | U73: =O73*T73 -> 937.98505
C74: 56 | F74: 2013 | G74: 8 | H74: 36 | I74: 12 | J74: 24 | O74: 147570 | Q74: =O74*$Q$15 -> 8059.7405 | S74: =H74*24+I74+J74/60+K74/3600 -> 876.4 | T74: =Q15+(Q16-Q15)*(S74-S15)/(S16-S15) -> 0.056740162 | U74: =O74*T74 -> 8373.1457
C75: 57 | F75: 2013 | G75: 8 | H75: 36 | I75: 12 | J75: 35 | O75: 28154 | Q75: =O75*$Q$15 -> 1537.6698 | S75: =H75*24+I75+J75/60+K75/3600 -> 876.58333 | T75: =Q15+(Q16-Q15)*(S75-S15)/(S16-S15) -> 0.057470209 | U75: =O75*T75 -> 1618.0163
C76: 58 | F76: 2013 | G76: 8 | H76: 36 | I76: 12 | J76: 37 | O76: 33898 | Q76: =O76*$Q$15 -> 1851.3863 | S76: =H76*24+I76+J76/60+K76/3600 -> 876.61667 | T76: =Q15+(Q16-Q15)*(S76-S15)/(S16-S15) -> 0.057602944 | U76: =O76*T76 -> 1952.6246
C77: 59 | F77: 2013 | G77: 8 | H77: 36 | I77: 12 | J77: 39 | O77: 29869 | Q77: =O77*$Q$15 -> 1631.3369 | S77: =H77*24+I77+J77/60+K77/3600 -> 876.65 | T77: =Q15+(Q16-Q15)*(S77-S15)/(S16-S15) -> 0.05773568 | U77: =O77*T77 -> 1724.507
C78: 60 | F78: 2013 | G78: 8 | H78: 36 | I78: 12 | J78: 42 | O78: 32342 | Q78: =O78*$Q$15 -> 1766.4032 | S78: =H78*24+I78+J78/60+K78/3600 -> 876.7 | T78: =Q15+(Q16-Q15)*(S78-S15)/(S16-S15) -> 0.057934784 | U78: =O78*T78 -> 1873.7268
C79: 61 | F79: 2013 | G79: 8 | H79: 36 | I79: 12 | J79: 45 | O79: 43750 | Q79: =O79*$Q$15 -> 2389.467 | S79: =H79*24+I79+J79/60+K79/3600 -> 876.75 | T79: =Q15+(Q16-Q15)*(S79-S15)/(S16-S15) -> 0.058133888 | U79: =O79*T79 -> 2543.3576
C80: 62 | F80: 2013 | G80: 8 | H80: 36 | I80: 12 | J80: 46 | O80: 29686 | Q80: =O80*$Q$15 -> 1621.3421 | S80: =H80*24+I80+J80/60+K80/3600 -> 876.76667 | T80: =Q15+(Q16-Q15)*(S80-S15)/(S16-S15) -> 0.058200256 | U80: =O80*T80 -> 1727.7328
C81: 63 | F81: 2013 | G81: 8 | H81: 36 | I81: 12 | J81: 48 | O81: 24966 | Q81: =O81*$Q$15 -> 1363.5528 | S81: =H81*24+I81+J81/60+K81/3600 -> 876.8 | T81: =Q15+(Q16-Q15)*(S81-S15)/(S16-S15) -> 0.058332991 | U81: =O81*T81 -> 1456.3415
C82: 64 | F82: 2013 | G82: 8 | H82: 36 | I82: 12 | J82: 50 | O82: 19427 | Q82: =O82*$Q$15 -> 1061.0326 | S82: =H82*24+I82+J82/60+K82/3600 -> 876.83333 | T82: =Q15+(Q16-Q15)*(S82-S15)/(S16-S15) -> 0.058465727 | U82: =O82*T82 -> 1135.8137
C83: 65 | F83: 2013 | G83: 8 | H83: 36 | I83: 12 | J83: 52 | O83: 26800 | Q83: =O83*$Q$15 -> 1463.7192 | S83: =H83*24+I83+J83/60+K83/3600 -> 876.86667 | T83: =Q15+(Q16-Q15)*(S83-S15)/(S16-S15) -> 0.058598463 | U83: =O83*T83 -> 1570.4388
C84: 66 | F84: 2013 | G84: 8 | H84: 36 | I84: 12 | J84: 56 | O84: 40176 | Q84: =O84*$Q$15 -> 2194.268 | S84: =H84*24+I84+J84/60+K84/3600 -> 876.93333 | T84: =Q15+(Q16-Q15)*(S84-S15)/(S16-S15) -> 0.058863935 | U84: =O84*T84 -> 2364.9174
C85: 67 | F85: 2013 | G85: 8 | H85: 36 | I85: 13 | J85: 0 | O85: 52088 | Q85: =O85*$Q$15 -> 2844.8585 | S85: =H85*24+I85+J85/60+K85/3600 -> 877 | T85: =Q$15+(Q$16-Q$15)*(S85-S$15)/(S$16-S$15) -> 0.059129406 | U85: =O85*T85 -> 3079.9325
C86: 68 | F86: 2013 | G86: 8 | H86: 36 | I86: 13 | J86: 1 | O86: 30480 | Q86: =O86*$Q$15 -> 1664.7075 | S86: =H86*24+I86+J86/60+K86/3600 -> 877.01667 | T86: =Q$15+(Q$16-Q$15)*(S86-S$15)/(S$16-S$15) -> 0.059195774 | U86: =O86*T86 -> 1804.2872
C87: 69 | F87: 2013 | G87: 8 | H87: 36 | I87: 13 | J87: 4 | O87: 25706 | Q87: =O87*$Q$15 -> 1403.9689 | S87: =H87*24+I87+J87/60+K87/3600 -> 877.06667 | T87: =Q$15+(Q$16-Q$15)*(S87-S$15)/(S$16-S$15) -> 0.059394878 | U87: =O87*T87 -> 1526.8047
C88: 70 | F88: 2013 | G88: 8 | H88: 36 | I88: 13 | J88: 4 | O88: 661463 | Q88: =O88*$Q$15 -> 36126.72 | S88: =H88*24+I88+J88/60+K88/3600 -> 877.06667 | T88: =Q$15+(Q$16-Q$15)*(S88-S$15)/(S$16-S$15) -> 0.059394878 | U88: =O88*T88 -> 39287.514
C89: 71 | F89: 2013 | G89: 8 | H89: 36 | I89: 13 | J89: 15 | O89: 22211 | Q89: =O89*$Q$15 -> 1213.0846 | S89: =H89*24+I89+J89/60+K89/3600 -> 877.25 | T89: =Q$15+(Q$16-Q$15)*(S89-S$15)/(S$16-S$15) -> 0.060124925 | U89: =O89*T89 -> 1335.4347
C90: 72 | F90: 2013 | G90: 8 | H90: 36 | I90: 13 | J90: 17 | O90: 24051 | Q90: =O90*$Q$15 -> 1313.5788 | S90: =H90*24+I90+J90/60+K90/3600 -> 877.28333 | T90: =Q$15+(Q$16-Q$15)*(S90-S$15)/(S$16-S$15) -> 0.06025766 | U90: =O90*T90 -> 1449.257
C91: 73 | F91: 2013 | G91: 8 | H91: 36 | I91: 13 | J91: 20 | O91: 22582 | Q91: =O91*$Q$15 -> 1233.3473 | S91: =H91*24+I91+J91/60+K91/3600 -> 877.33333 | T91: =Q$15+(Q$16-Q$15)*(S91-S$15)/(S$16-S$15) -> 0.060456764 | U91: =O91*T91 -> 1365.2346
C92: 74 | F92: 2013 | G92: 8 | H92: 36 | I92: 13 | J92: 22 | O92: 23536 | Q92: =O92*$Q$15 -> 1285.4513 | S92: =H92*24+I92+J92/60+K92/3600 -> 877.36667 | T92: =Q$15+(Q$16-Q$15)*(S92-S$15)/(S$16-S$15) -> 0.0605895 | U92: =O92*T92 -> 1426.0345
C93: 75 | F93: 2013 | G93: 8 | H93: 36 | I93: 13 | J93: 24 | O93: 22928 | Q93: =O93*$Q$15 -> 1252.2446 | S93: =H93*24+I93+J93/60+K93/3600 -> 877.4 | T93: =Q$15+(Q$16-Q$15)*(S93-S$15)/(S$16-S$15) -> 0.060722236 | U93: =O93*T93 -> 1392.2394
C94: 76 | F94: 2013 | G94: 8 | H94: 36 | I94: 13 | J94: 27 | O94: 19042 | Q94: =O94*$Q$15 -> 1040.0053 | S94: =H94*24+I94+J94/60+K94/3600 -> 877.45 | T94: =Q$15+(Q$16-Q$15)*(S94-S$15)/(S$16-S$15) -> 0.060921339 | U94: =O94*T94 -> 1160.0641
C95: 77 | F95: 2013 | G95: 8 | H95: 36 | I95: 13 | J95: 29 | O95: 17501 | Q95: =O95*$Q$15 -> 955.84142 | S95: =H95*24+I95+J95/60+K95/3600 -> 877.48333 | T95: =Q$15+(Q$16-Q$15)*(S95-S$15)/(S$16-S$15) -> 0.061054075 | U95: =O95*T95 -> 1068.5074
C96: 78 | F96: 2013 | G96: 8 | H96: 36 | I96: 13 | J96: 31 | O96: 16981 | Q96: =O96*$Q$15 -> 927.4409 | S96: =H96*24+I96+J96/60+K96/3600 -> 877.51667 | T96: =Q$15+(Q$16-Q$15)*(S96-S$15)/(S$16-S$15) -> 0.061186811 | U96: =O96*T96 -> 1039.0132
... C102: 84 | F102: 2013 | G102: 8 | H102: 36 | I102: 13 | J102: 42 | O102: 580295 | Q102: =O102*$Q$15 -> 31693.617 | S102: =H102*24+I102+J102/60+K102/3600 -> 877.7 | T102: =Q$15+(Q$16-Q$15)*(S102-S$15)/(S$16-S$15) -> 0.061916858 | U102: =O102*T102 -> 35930.043

Sheet 8-8-13 Final
B1: 区・条件 | C1: STD ppm | F1: year | G1: month | H1: day | I1: hh | J1: mm | K1: ss | L1: sample number | M1: CO2rt | N1: CO2hi | O1: CO2area | P1: 右は計算領域 | Q1: CO2(ppm)初期標準 | R1: ドリフト時計算 | S1: 絶対時間（ｈ） | T1: ドリフトstd factor | U1: CO2(ppm) | X1: 41491
C2: CO2 0.9047% | D2: sample前 | F2: 2013 | G2: 8 | H2: 39 | I2: 11 | J2: 35 | O2: 177200 | S2: =H2*24+I2+J2/60+K2/3600 -> 947.58333 | X2: had to enter date as 8/36 for formulae in column S
B3: CO２ | C3: CO2 0.9047% | D3: sample前 | F3: 2013 | G3: 8 | H3: 39 | I3: 11 | J3: 36 | O3: 174677 | S3: =H3*24+I3+J3/60+K3/3600 -> 947.6
B4: 9047 | C4: CO2 0.9047% | D4: sample前 | F4: 2013 | G4: 8 | H4: 39 | I4: 11 | J4: 36 | O4: 168283 | S4: =H4*24+I4+J4/60+K4/3600 -> 947.6
C5: CO2 0.9047% | D5: sample前 | F5: 2013 | G5: 8 | H5: 39 | I5: 11 | J5: 37 | O5: 169267 | S5: =H5*24+I5+J5/60+K5/3600 -> 947.61667
C7: CO2 0.9047% | D7: sample後 | F7: 2013 | G7: 8 | H7: 39 | I7: 15 | J7: 6 | O7: 162667 | S7: =H7*24+I7+J7/60+K7/3600 -> 951.1
C8: CO2 0.9047% | D8: sample後 | F8: 2013 | G8: 8 | H8: 39 | I8: 15 | J8: 7 | O8: 153027 | S8: =H8*24+I8+J8/60+K8/3600 -> 951.11667
C9: CO2 0.9047% | D9: sample後 | F9: 2013 | G9: 8 | H9: 39 | I9: 15 | J9: 8 | O9: 165120 | S9: =H9*24+I9+J9/60+K9/3600 -> 951.13333
C10: CO2 0.9047% | D10: sample後 | F10: 2013 | G10: 8 | H10: 39 | I10: 15 | J10: 9 | O10: 171690 | S10: =H10*24+I10+J10/60+K10/3600 -> 951.15
S11: =H11*24+I11+J11/60+K11/3600 -> 0
B14: 標準パラメータ | Q14: factor
C15: CO2濃度 | D15: CO2 | F15: 9047 | G15: ppm | H15: 前 | M15: =AVERAGE(M2:M6) -> #DIV/0! | N15: =AVERAGE(N2:N6) -> #DIV/0! | O15: =AVERAGE(O2:O10) -> 167741.38 | Q15: =F15/O15 -> 0.053934219 | S15: =AVERAGE(S2:S6) -> 947.6
H16: 後 | M16: =AVERAGE(M7:M11) -> #DIV/0! | N16: =AVERAGE(N7:N11) -> #DIV/0! | O16: =AVERAGE(O7:O11) -> 163126 | Q16: =F15/O16 -> 0.055460196 | S16: =AVERAGE(S7:S11) -> 760.9
Q18: 初期std利用 | U18: ドリフト補正有
B19: 15 deg | C19: 1 | F19: 2013 | G19: 8 | H19: 39 | I19: 11 | J19: 42 | O19: 78112 | Q19: =O19*$Q$15 -> 4212.9097 | S19: =H19*24+I19+J19/60+K19/3600 -> 947.7 | T19: =Q15+(Q16-Q15)*(S19-S15)/(S16-S15) -> 0.053933401 | U19: =O19*T19 -> 4212.8458
C20: 2 | F20: 2013 | G20: 8 | H20: 39 | I20: 11 | J20: 43 | O20: 61526 | Q20: =O20*$Q$15 -> 3318.3567 | S20: =H20*24+I20+J20/60+K20/3600 -> 947.71667 | T20: =Q15+(Q16-Q15)*(S20-S15)/(S16-S15) -> 0.053933265 | U20: =O20*T20 -> 3318.2981
C21: 3 | F21: 2013 | G21: 8 | H21: 39 | I21: 11 | J21: 44 | O21: 66384 | Q21: =O21*$Q$15 -> 3580.3692 | S21: =H21*24+I21+J21/60+K21/3600 -> 947.73333 | T21: =Q15+(Q16-Q15)*(S21-S15)/(S16-S15) -> 0.053933129 | U21: =O21*T21 -> 3580.2968
C22: 4 | F22: 2013 | G22: 8 | H22: 39 | I22: 11 | J22: 47 | O22: 65499 | Q22: =O22*$Q$15 -> 3532.6374 | S22: =H22*24+I22+J22/60+K22/3600 -> 947.78333 | T22: =Q15+(Q16-Q15)*(S22-S15)/(S16-S15) -> 0.05393272 | U22: =O22*T22 -> 3532.5392
C23: 5 | F23: 2013 | G23: 8 | H23: 39 | I23: 11 | J23: 46 | O23: 81485 | Q23: =O23*$Q$15 -> 4394.8298 | S23: =H23*24+I23+J23/60+K23/3600 -> 947.76667 | T23: =Q15+(Q16-Q15)*(S23-S15)/(S16-S15) -> 0.053932856 | U23: =O23*T23 -> 4394.7188
C24: 6 | F24: 2013 | G24: 8 | H24: 39 | I24: 11 | J24: 48 | O24: 36144 | Q24: =O24*$Q$15 -> 1949.3984 | S24: =H24*24+I24+J24/60+K24/3600 -> 947.8 | T24: =Q15+(Q16-Q15)*(S24-S15)/(S16-S15) -> 0.053932584 | U24: =O24*T24 -> 1949.3393
C25: 7 | F25: 2013 | G25: 8 | H25: 39 | I25: 11 | J25: 49 | O25: 35190 | Q25: =O25*$Q$15 -> 1897.9452 | S25: =H25*24+I25+J25/60+K25/3600 -> 947.81667 | T25: =Q15+(Q16-Q15)*(S25-S15)/(S16-S15) -> 0.053932448 | U25: =O25*T25 -> 1897.8828
C26: 8 | F26: 2013 | G26: 8 | H26: 39 | I26: 11 | J26: 50 | O26: 45696 | Q26: =O26*$Q$15 -> 2464.5781 | S26: =H26*24+I26+J26/60+K26/3600 -> 947.83333 | T26: =Q15+(Q16-Q15)*(S26-S15)/(S16-S15) -> 0.053932312 | U26: =O26*T26 -> 2464.4909
C27: 9 | F27: 2013 | G27: 8 | H27: 39 | I27: 11 | J27: 52 | O27: 56670 | Q27: =O27*$Q$15 -> 3056.4522 | S27: =H27*24+I27+J27/60+K27/3600 -> 947.86667 | T27: =Q15+(Q16-Q15)*(S27-S15)/(S16-S15) -> 0.053932039 | U27: =O27*T27 -> 3056.3287
C28: 10 | F28: 2013 | G28: 8 | H28: 39 | I28: 11 | J28: 53 | O28: 50648 | Q28: =O28*$Q$15 -> 2731.6603 | S28: =H28*24+I28+J27/60+K28/3600 -> 947.86667 | T28: =Q15+(Q16-Q15)*(S28-S15)/(S16-S15) -> 0.053932039 | U28: =O28*T28 -> 2731.5499
C29: 12 | F29: 2013 | G29: 8 | H29: 39 | I29: 11 | J29: 54 | O29: 44349 | Q29: =O29*$Q$15 -> 2391.9287 | S29: =H29*24+I29+J28/60+K29/3600 -> 947.88333 | T29: =Q15+(Q16-Q15)*(S29-S15)/(S16-S15) -> 0.053931903 | U29: =O29*T29 -> 2391.826
C30: 13 | F30: 2013 | G30: 8 | H30: 39 | I30: 11 | J30: 55 | O30: 44352 | Q30: =O30*$Q$15 -> 2392.0905 | S30: =H30*24+I30+J29/60+K30/3600 -> 947.9 | T30: =Q15+(Q16-Q15)*(S30-S15)/(S16-S15) -> 0.053931767 | U30: =O30*T30 -> 2391.9817
C31: 14 | F31: 2013 | G31: 8 | H31: 39 | I31: 11 | J31: 56 | O31: 50998 | Q31: =O31*$Q$15 -> 2750.5373 | S31: =H31*24+I31+J30/60+K31/3600 -> 947.91667 | T31: =Q15+(Q16-Q15)*(S31-S15)/(S16-S15) -> 0.05393163 | U31: =O31*T31 -> 2750.4053
C32: 85 | F32: 2013 | G32: 8 | H32: 39 | I32: 11 | J32: 58 | O32: 24278 | Q32: =O32*$Q$15 -> 1309.415 | S32: =H32*24+I32+J31/60+K32/3600 -> 947.93333 | T32: =Q15+(Q16-Q15)*(S32-S15)/(S16-S15) -> 0.053931494 | U32: =O32*T32 -> 1309.3488
C33: 15 | F33: 2013 | G33: 8 | H33: 39 | I33: 11 | J33: 59 | O33: 217872 | Q33: =O33*$Q$15 -> 11750.756 | S33: =H33*24+I33+J32/60+K33/3600 -> 947.96667 | T33: =Q15+(Q16-Q15)*(S33-S15)/(S16-S15) -> 0.053931222 | U33: =O33*T33 -> 11750.103
C34: 16 | F34: 2013 | G34: 8 | H34: 39 | I34: 12 | J34: 0 | O34: 252979 | Q34: =O34*$Q$15 -> 13644.225 | S34: =H34*24+I34+J33/60+K34/3600 -> 948.98333 | T34: =Q15+(Q16-Q15)*(S34-S15)/(S16-S15) -> 0.053922912 | U34: =O34*T34 -> 13641.364
C35: 17 | F35: 2013 | G35: 8 | H35: 39 | I35: 12 | J35: 1 | O35: 200756 | Q35: =O35*$Q$15 -> 10827.618 | S35: =H35*24+I35+J34/60+K35/3600 -> 948 | T35: =Q15+(Q16-Q15)*(S35-S15)/(S16-S15) -> 0.053930949 | U35: =O35*T35 -> 10826.962
C36: 18 | F36: 2013 | G36: 8 | H36: 39 | I36: 12 | J36: 2 | O36: 293879 | Q36: =O36*$Q$15 -> 15850.134 | S36: =H36*24+I36+J35/60+K36/3600 -> 948.01667 | T36: =Q15+(Q16-Q15)*(S36-S15)/(S16-S15) -> 0.053930813 | U36: =O36*T36 -> 15849.133
C37: 19 | F37: 2013 | G37: 8 | H37: 39 | I37: 12 | J37: 3 | O37: 239259 | Q37: =O37*$Q$15 -> 12904.247 | S37: =H37*24+I37+J36/60+K37/3600 -> 948.03333 | T37: =Q15+(Q16-Q15)*(S37-S15)/(S16-S15) -> 0.053930677 | U37: =O37*T37 -> 12903.4
C38: 20 | F38: 2013 | G38: 8 | H38: 39 | I38: 12 | J38: 4 | O38: 95510 | Q38: =O38*$Q$15 -> 5151.2572 | S38: =H38*24+I38+J37/60+K38/3600 -> 948.05 | T38: =Q15+(Q16-Q15)*(S38-S15)/(S16-S15) -> 0.053930541 | U38: =O38*T38 -> 5150.9059
C39: 21 | F39: 2013 | G39: 8 | H39: 39 | I39: 12 | J39: 5 | O39: 105480 | Q39: =O39*$Q$15 -> 5688.9814 | S39: =H39*24+I39+J38/60+K39/3600 -> 948.06667 | T39: =Q15+(Q16-Q15)*(S39-S15)/(S16-S15) -> 0.053930404 | U39: =O39*T39 -> 5688.5791
C40: 22 | F40: 2013 | G40: 8 | H40: 39 | I40: 12 | J40: 6 | O40: 91426 | Q40: =O40*$Q$15 -> 4930.9899 | S40: =H40*24+I40+J39/60+K40/3600 -> 948.08333 | T40: =Q15+(Q16-Q15)*(S40-S15)/(S16-S15) -> 0.053930268 | U40: =O40*T40 -> 4930.6287
C41: 23 | F41: 2013 | G41: 8 | H41: 39 | I41: 12 | J41: 7 | O41: 89138 | Q41: =O41*$Q$15 -> 4807.5884 | S41: =H41*24+I41+J40/60+K41/3600 -> 948.1 | T41: =Q15+(Q16-Q15)*(S41-S15)/(S16-S15) -> 0.053930132 | U41: =O41*T41 -> 4807.2241
C42: 24 | F42: 2013 | G42: 8 | H42: 39 | I42: 12 | J42: 8 | O42: 95402 | Q42: =O42*$Q$15 -> 5145.4323 | S42: =H42*24+I42+J41/60+K42/3600 -> 948.11667 | T42: =Q15+(Q16-Q15)*(S42-S15)/(S16-S15) -> 0.053929996 | U42: =O42*T42 -> 5145.0295
C43: 25 | F43: 2013 | G43: 8 | H43: 39 | I43: 12 | J43: 9 | O43: 148134 | Q43: =O43*$Q$15 -> 7989.4915 | S43: =H43*24+I43+J42/60+K43/3600 -> 948.13333 | T43: =Q15+(Q16-Q15)*(S43-S15)/(S16-S15) -> 0.05392986 | U43: =O43*T43 -> 7988.8458
C44: 26 | F44: 2013 | G44: 8 | H44: 39 | I44: 12 | J44: 9 | O44: 120906 | Q44: =O44*$Q$15 -> 6520.9706 | S44: =H44*24+I44+J43/60+K44/3600 -> 948.15 | T44: =Q15+(Q16-Q15)*(S44-S15)/(S16-S15) -> 0.053929723 | U44: =O44*T44 -> 6520.4271
C45: 27 | F45: 2013 | G45: 8 | H45: 39 | I45: 12 | J45: 10 | O45: 134128 | Q45: =O45*$Q$15 -> 7234.0889 | S45: =H45*24+I45+J44/60+K45/3600 -> 948.15 | T45: =Q15+(Q16-Q15)*(S45-S15)/(S16-S15) -> 0.053929723 | U45: =O45*T45 -> 7233.4859
C46: 28 | F46: 2013 | G46: 8 | H46: 39 | I46: 12 | J46: 11 | O46: 581677 | Q46: =O46*$Q$15 -> 31372.295 | S46: =H46*24+I46+J45/60+K46/3600 -> 948.16667 | T46: =Q15+(Q16-Q15)*(S46-S15)/(S16-S15) -> 0.053929587 | U46: =O46*T46 -> 31369.6
C47: 29 | F47: 2013 | G47: 8 | H47: 39 | I47: 12 | J47: 14 | O47: 236694 | Q47: =O47*$Q$15 -> 12765.906 | S47: =H47*24+I47+J46/60+K47/3600 -> 948.18333 | T47: =Q15+(Q16-Q15)*(S47-S15)/(S16-S15) -> 0.053929451 | U47: =O47*T47 -> 12764.777
C48: 30 | F48: 2013 | G48: 8 | H48: 39 | I48: 12 | J48: 15 | O48: 255363 | Q48: =O48*$Q$15 -> 13772.804 | S48: =H48*24+I48+J47/60+K48/3600 -> 948.23333 | T48: =Q15+(Q16-Q15)*(S48-S15)/(S16-S15) -> 0.053929042 | U48: =O48*T48 -> 13771.482
C49: 31 | F49: 2013 | G49: 8 | H49: 39 | I49: 12 | J49: 16 | O49: 205416 | Q49: =O49*$Q$15 -> 11078.951 | S49: =H49*24+I49+J48/60+K49/3600 -> 948.25 | T49: =Q15+(Q16-Q15)*(S49-S15)/(S16-S15) -> 0.053928906 | U49: =O49*T49 -> 11077.86
C50: 32 | F50: 2013 | G50: 8 | H50: 39 | I50: 12 | J50: 16 | O50: 212824 | Q50: =O50*$Q$15 -> 11478.496 | S50: =H50*24+I50+J49/60+K50/3600 -> 948.26667 | T50: =Q15+(Q16-Q15)*(S50-S15)/(S16-S15) -> 0.05392877 | U50: =O50*T50 -> 11477.336
C51: 33 | F51: 2013 | G51: 8 | H51: 39 | I51: 12 | J51: 17 | O51: 213504 | Q51: =O51*$Q$15 -> 11515.171 | S51: =H51*24+I51+J50/60+K51/3600 -> 948.26667 | T51: =Q15+(Q16-Q15)*(S51-S15)/(S16-S15) -> 0.05392877 | U51: =O51*T51 -> 11514.008
C52: 34 | F52: 2013 | G52: 8 | H52: 39 | I52: 12 | J52: 18 | O52: 89646 | Q52: =O52*$Q$15 -> 4834.987 | S52: =H52*24+I52+J51/60+K52/3600 -> 948.28333 | T52: =Q15+(Q16-Q15)*(S52-S15)/(S16-S15) -> 0.053928634 | U52: =O52*T52 -> 4834.4863
C53: 35 | F53: 2013 | G53: 8 | H53: 39 | I53: 12 | J53: 19 | O53: 106701 | Q53: =O53*$Q$15 -> 5754.8351 | S53: =H53*24+I53+J52/60+K53/3600 -> 948.3 | T53: =Q15+(Q16-Q15)*(S53-S15)/(S16-S15) -> 0.053928497 | U53: =O53*T53 -> 5754.2246
C54: 36 | F54: 2013 | G54: 8 | H54: 39 | I54: 12 | J54: 19 | K54: 0 | O54: 86966 | Q54: =O54*$Q$15 -> 4690.4433 | S54: =H54*24+I54+J53/60+K54/3600 -> 948.31667 | T54: =Q15+(Q16-Q15)*(S54-S15)/(S16-S15) -> 0.053928361 | U54: =O54*T54 -> 4689.9338
C55: 37 | F55: 2013 | G55: 8 | H55: 39 | I55: 12 | J55: 20 | O55: 92851 | Q55: =O55*$Q$15 -> 5007.8461 | S55: =H55*24+I55+J54/60+K55/3600 -> 948.31667 | T55: =Q15+(Q16-Q15)*(S55-S15)/(S16-S15) -> 0.053928361 | U55: =O55*T55 -> 5007.3023
C56: 38 | F56: 2013 | G56: 8 | H56: 39 | I56: 12 | J56: 21 | O56: 84677 | Q56: =O56*$Q$15 -> 4566.9878 | S56: =H56*24+I56+J55/60+K56/3600 -> 948.33333 | T56: =Q15+(Q16-Q15)*(S56-S15)/(S16-S15) -> 0.053928225 | U56: =O56*T56 -> 4566.4803
C57: 39 | F57: 2013 | G57: 8 | H57: 39 | I57: 12 | J57: 22 | O57: 163806 | Q57: =O57*$Q$15 -> 8834.7486 | S57: =H57*24+I57+J56/60+K57/3600 -> 948.35 | T57: =Q15+(Q16-Q15)*(S57-S15)/(S16-S15) -> 0.053928089 | U57: =O57*T57 -> 8833.7445
C58: 40 | F58: 2013 | G58: 8 | H58: 39 | I58: 12 | J58: 23 | O58: 179622 | Q58: =O58*$Q$15 -> 9687.7722 | S58: =H58*24+I58+J57/60+K58/3600 -> 948.36667 | T58: =Q15+(Q16-Q15)*(S58-S15)/(S16-S15) -> 0.053927952 | U58: =O58*T58 -> 9686.6467
C59: 41 | F59: 2013 | G59: 8 | H59: 39 | I59: 12 | J59: 24 | O59: 137290 | Q59: =O59*$Q$15 -> 7404.6289 | S59: =H59*24+I59+J58/60+K59/3600 -> 948.38333 | T59: =Q15+(Q16-Q15)*(S59-S15)/(S16-S15) -> 0.053927816 | U59: =O59*T59 -> 7403.7499
C60: 42 | F60: 2013 | G60: 8 | H60: 39 | I60: 12 | J60: 24 | O60: 580813 | Q60: =O60*$Q$15 -> 31325.695 | S60: =H60*24+I60+J59/60+K60/3600 -> 948.4 | T60: =Q15+(Q16-Q15)*(S60-S15)/(S16-S15) -> 0.05392768 | U60: =O60*T60 -> 31321.898
B61: 25 deg | C61: 43 | F61: 2013 | G61: 8 | H61: 39 | I61: 12 | J61: 31 | O61: 84618 | Q61: =O61*$Q$15 -> 4563.8057 | S61: =H61*24+I61+J60/60+K61/3600 -> 948.4 | T61: =Q15+(Q16-Q15)*(S61-S15)/(S16-S15) -> 0.05392768 | U61: =O61*T61 -> 4563.2524
C62: 44 | F62: 2013 | G62: 8 | H62: 39 | I62: 12 | J62: 32 | O62: 110856 | Q62: =O62*$Q$15 -> 5978.9317 | S62: =H62*24+I62+J61/60+K62/3600 -> 948.51667 | T62: =Q15+(Q16-Q15)*(S62-S15)/(S16-S15) -> 0.053926726 | U62: =O62*T62 -> 5978.1012
C63: 45 | F63: 2013 | G63: 8 | H63: 39 | I63: 12 | J63: 33 | O63: 70762 | Q63: =O63*$Q$15 -> 3816.4932 | S63: =H63*24+I63+J62/60+K63/3600 -> 948.53333 | T63: =Q15+(Q16-Q15)*(S63-S15)/(S16-S15) -> 0.05392659 | U63: =O63*T63 -> 3815.9534
C64: 46 | F64: 2013 | G64: 8 | H64: 39 | I64: 12 | J64: 33 | O64: 72142 | Q64: =O64*$Q$15 -> 3890.9224 | S64: =H64*24+I64+J63/60+K64/3600 -> 948.55 | T64: =Q15+(Q16-Q15)*(S64-S15)/(S16-S15) -> 0.053926454 | U64: =O64*T64 -> 3890.3622
C65: 47 | F65: 2013 | G65: 8 | H65: 39 | I65: 12 | J65: 34 | O65: 87155 | Q65: =O65*$Q$15 -> 4700.6368 | S65: =H65*24+I65+J64/60+K65/3600 -> 948.55 | T65: =Q15+(Q16-Q15)*(S65-S15)/(S16-S15) -> 0.053926454 | U65: =O65*T65 -> 4699.9601
C66: 48 | F66: 2013 | G66: 8 | H66: 39 | I66: 12 | J66: 35 | O66: 49258 | Q66: =O66*$Q$15 -> 2656.6917 | S66: =H66*24+I66+J65/60+K66/3600 -> 948.56667 | T66: =Q15+(Q16-Q15)*(S66-S15)/(S16-S15) -> 0.053926318 | U66: =O66*T66 -> 2656.3026
C67: 49 | F67: 2013 | G67: 8 | H67: 39 | I67: 12 | J67: 36 | O67: 39416 | Q67: =O67*$Q$15 -> 2125.8712 | S67: =H67*24+I67+J66/60+K67/3600 -> 948.58333 | T67: =Q15+(Q16-Q15)*(S67-S15)/(S16-S15) -> 0.053926181 | U67: =O67*T67 -> 2125.5544
C68: 50 | F68: 2013 | G68: 8 | H68: 39 | I68: 12 | J68: 37 | O68: 53350 | Q68: =O68*$Q$15 -> 2877.3906 | S68: =H68*24+I68+J67/60+K68/3600 -> 948.6 | T68: =Q15+(Q16-Q15)*(S68-S15)/(S16-S15) -> 0.053926045 | U68: =O68*T68 -> 2876.9545
C69: 51 | F69: 2013 | G69: 8 | H69: 39 | I69: 12 | J69: 37 | O69: 41435 | Q69: =O69*$Q$15 -> 2234.7644 | S69: =H69*24+I69+J68/60+K69/3600 -> 948.61667 | T69: =Q15+(Q16-Q15)*(S69-S15)/(S16-S15) -> 0.053925909 | U69: =O69*T69 -> 2234.42
C70: 52 | F70: 2013 | G70: 8 | H70: 39 | I70: 12 | J70: 38 | O70: 37024 | Q70: =O70*$Q$15 -> 1996.8605 | S70: =H70*24+I70+J69/60+K70/3600 -> 948.61667 | T70: =Q15+(Q16-Q15)*(S70-S15)/(S16-S15) -> 0.053925909 | U70: =O70*T70 -> 1996.5529
C71: 53 | F71: 2013 | G71: 8 | H71: 39 | I71: 12 | J71: 39 | O71: 85341 | Q71: =O71*$Q$15 -> 4602.8002 | S71: =H71*24+I71+J70/60+K71/3600 -> 948.63333 | T71: =Q15+(Q16-Q15)*(S71-S15)/(S16-S15) -> 0.053925773 | U71: =O71*T71 -> 4602.0794
